sku,quantity
001BF_6,493
001GF_6,199
001OB_6,20
002BS_6,11
009CB_6,25
077GM_6,5
149TO_6,21
242PP_6,193
245WB_1,1413
563WB_1,345
563WB_10,345
564PP_1,601
564PP_10,601
564PP_6,601
564PP_8,601
565CW_1,357
565CW_10,357
565CW_6,357
565CW_8,357
566CY_1,217
566CY_10,217
566CY_6,217
566CY_8,217
570TG_1,10863
571OG_1,2239
571OG_10,2239
571OG_6,2239
571OG_8,2239
572OR_1,1901
572OR_10,1901
573SG_1,3243
573SG_10,3243
573SG_6,3243
573SG_8,3243
CO100-02,163
CO100-04,721
CO100-10,111
CO100-109,271
CO100-11,2275
CO100-115,162
CO100-17,41
CO100-26,1153
CO600-02,791
CO600-04,1061
CO600-11,340
CO600-115,417
CO810-10,251
CO810-11,150
CO810-115,275
CO810-26,13
CO900-10,536
CO900-115,39
CO900-58,339
CO900-70,289
COA1420,2539
COA1422,1099
COA1510,321
COA1520,404
COA1522,216
COA1526,171
COS-032,10
COS-041,10
KT77918DC,0
WP_AIR_95013,10
WP_AIR_95013_SAMPLE,10
WP_AIR_95014,14
WP_AIR_95014_SAMPLE,14
WP_AIR_95015,0
WP_AIR_95015_SAMPLE,0
WP_AIR_95016,17
WP_AIR_95016_SAMPLE,17
WP_AIR_95017,19
WP_AIR_95017_SAMPLE,19
WP_AIR_95019,23
WP_AIR_95019_SAMPLE,23
WP_AIR_95020,9
WP_AIR_95020_SAMPLE,9
WP_AIR_95021,6
WP_AIR_95021_SAMPLE,6
WP_AIR_95022,8
WP_AIR_95022_SAMPLE,8
WP_AIR_95024,63
WP_AIR_95024_SAMPLE,63
WP_AIR_95025,38
WP_AIR_95025_SAMPLE,38
WP_AIR_95026,26
WP_AIR_95026_SAMPLE,26
WP_AIR_95027,10
WP_AIR_95027_SAMPLE,10
WP_AIR_95028,14
WP_AIR_95028_SAMPLE,14
WP_AIR_95029,15
WP_AIR_95029_SAMPLE,15
WP_AIR_95030,4
WP_AIR_95030_SAMPLE,4
WP_AIR_95031,19
WP_AIR_95031_SAMPLE,19
WP_AIR_95032,4
WP_AIR_95032_SAMPLE,4
WP_AIR_95033,36
WP_AIR_95033_SAMPLE,36
WP_AIR_95034,13
WP_AIR_95034_SAMPLE,13
WP_AIR_95035,1
WP_AIR_95035_SAMPLE,1
WP_AIR_95036,6
WP_AIR_95036_SAMPLE,6
WP_AIR_95037,11
WP_AIR_95037_SAMPLE,11
WP_AIR_95038,11
WP_AIR_95038_SAMPLE,11
WP_AIR_95039,76
WP_AIR_95039_SAMPLE,76
WP_AIR_95040,15
WP_AIR_95040_SAMPLE,15
WP_AIR_95041,23
WP_AIR_95041_SAMPLE,23
WP_AIR_95042,59
WP_AIR_95042_SAMPLE,59
WP_AIR_95043,2
WP_AIR_95043_SAMPLE,2
WP_AIR_95044,8
WP_AIR_95044_SAMPLE,8
WP_AIR_95045,8
WP_AIR_95045_SAMPLE,8
WP_AIR_95046,8
WP_AIR_95046_SAMPLE,8
WP_AIR_95049,13
WP_AIR_95049_SAMPLE,13
WP_AIR_95050,0
WP_AIR_95050_SAMPLE,0
WP_AIR_95051,8
WP_AIR_95051_SAMPLE,8
WP_AIR_95052,13
WP_AIR_95052_SAMPLE,13
WP_AIR_95053,12
WP_AIR_95053_SAMPLE,12
WP_AIR_95054,5
WP_AIR_95054_SAMPLE,5
WP_AIR_95055,10
WP_AIR_95055_SAMPLE,10
WP_AIR_95056,13
WP_AIR_95058,13
WP_AIR_95059,37
WP_AIR_95059_SAMPLE,37
WP_AIR_95062,0
WP_AIR_95062_SAMPLE,0
WP_AIR_95063,8
WP_AIR_95063_SAMPLE,8
WP_AIR_95064,2
WP_AIR_95064_SAMPLE,2
WP_AIR_95065,7
WP_AIR_95065_SAMPLE,7
WP_AIR_95066,3
WP_AIR_95066_SAMPLE,3
WP_AIR_95067,48
WP_AIR_95067_SAMPLE,48
WP_AIR_95068,2
WP_AIR_95068_SAMPLE,2
WP_AIR_95070,7
WP_AIR_95070_SAMPLE,7
WP_AIR_95071,32
WP_AIR_95071_SAMPLE,32
WP_AIR_95072,2
WP_AIR_95072_SAMPLE,2
WP_AIR_95073,18
WP_AIR_95073_SAMPLE,18
WP_AIR_95074,7
WP_AIR_95074_SAMPLE,7
WP_AIR_95075,14
WP_AIR_95075_SAMPLE,14
WP_AIR_95076,1
WP_AIR_95076_SAMPLE,1
WP_AIR_95077,12
WP_AIR_95077_SAMPLE,12
WP_AIR_95078,9
WP_AIR_95078_SAMPLE,9
WP_AIR_95079,7
WP_AIR_95079_SAMPLE,7
WP_AIR_95080,14
WP_AIR_95081,24
WP_AIR_95081_SAMPLE,24
WP_AIR_95082,9
WP_AIR_95082_SAMPLE,9
WP_AIR_95083,8
WP_AIR_95083_SAMPLE,8
WP_AIR_95084,21
WP_AIR_95084_SAMPLE,21
WP_AIR_95085,18
WP_AP_1000_859129,15
WP_AP_1000_884619,18
WP_AP_1000_884626,13
WP_AP_1000_884640,12
WP_AP_1000_884725,19
WP_AP_1000_884732,13
WP_AP_1000_884749,16
WP_AP_1000_884756,10
WP_AP_1000_885012,23
WP_AP_1000_885029,14
WP_AP_1000_885036,22
WP_AP_1000_885043,16
WP_AP_1000_885166,20
WP_AP_1000_885227,12
WP_AP_1000_885241,8
WP_AP_1000_885425,9
WP_AP_1000_885432,9
WP_AP_1000_885449,24
WP_AP_1000_885616,14
WP_AP_1000_886118,24
WP_AP_1000_886125,20
WP_AP_1000_886132,24
WP_AP_1000_886149,12
WP_AP_1000_886217,17
WP_AP_1000_886224,24
WP_AP_1000_886231,24
WP_AP_1000_886323,22
WP_AP_1000_886330,24
WP_AP_1000_886347,18
WP_AP_1000_886354,13
WP_AP_1000_SAMPLE_859129,1
WP_ARCHITECT_INSPIRATIONS_48901,20
WP_ARCHITECT_INSPIRATIONS_48902,18
WP_ARCHITECT_INSPIRATIONS_48903,30
WP_ARCHITECT_INSPIRATIONS_48904,60
WP_ARCHITECT_INSPIRATIONS_48905,6
WP_ARCHITECT_INSPIRATIONS_48906,21
WP_ARCHITECT_INSPIRATIONS_48907,36
WP_ARCHITECT_INSPIRATIONS_48908,11
WP_ARCHITECT_INSPIRATIONS_48909,20
WP_ARCHITECT_INSPIRATIONS_48910,15
WP_ARCHITECT_INSPIRATIONS_48911,20
WP_ARCHITECT_INSPIRATIONS_48912,33
WP_ARCHITECT_INSPIRATIONS_48913,21
WP_ARCHITECT_INSPIRATIONS_48914,2
WP_ARCHITECT_INSPIRATIONS_48915,64
WP_ARCHITECT_INSPIRATIONS_48916,214
WP_ARCHITECT_INSPIRATIONS_48917,207
WP_ARCHITECT_INSPIRATIONS_48918,24
WP_ARCHITECT_INSPIRATIONS_48919,30
WP_ARCHITECT_INSPIRATIONS_48920,16
WP_ARCHITECT_INSPIRATIONS_48921,15
WP_ARCHITECT_INSPIRATIONS_48922,31
WP_ARCHITECT_INSPIRATIONS_48923,31
WP_ARCHITECT_INSPIRATIONS_48924,28
WP_ARCHITECT_INSPIRATIONS_48926,24
WP_ARCHITECT_INSPIRATIONS_48927,25
WP_ARCHITECT_INSPIRATIONS_48928,7
WP_ARCHITECT_INSPIRATIONS_48931,30
WP_ARCHITECT_INSPIRATIONS_48932,24
WP_ARCHITECT_INSPIRATIONS_SAMPLE_48901,1
WP_ARCHITECT_INSPIRATIONS_SAMPLE_48902,0
WP_ARCHITECT_INSPIRATIONS_SAMPLE_48903,1
WP_ARCHITECT_INSPIRATIONS_SAMPLE_48904,1
WP_ARCHITECT_INSPIRATIONS_SAMPLE_48907,1
WP_ARCHITECT_INSPIRATIONS_SAMPLE_48908,0
WP_ARCHITECT_INSPIRATIONS_SAMPLE_48909,1
WP_ARCHITECT_INSPIRATIONS_SAMPLE_48910,1
WP_ARCHITECT_INSPIRATIONS_SAMPLE_48911,1
WP_ARCHITECT_INSPIRATIONS_SAMPLE_48912,1
WP_ARCHITECT_INSPIRATIONS_SAMPLE_48914,1
WP_ARCHITECT_INSPIRATIONS_SAMPLE_48915,1
WP_ARCHITECT_INSPIRATIONS_SAMPLE_48916,1
WP_ARCHITECT_INSPIRATIONS_SAMPLE_48917,1
WP_ARCHITECT_INSPIRATIONS_SAMPLE_48918,1
WP_ARCHITECT_INSPIRATIONS_SAMPLE_48919,1
WP_ARCHITECT_INSPIRATIONS_SAMPLE_48920,1
WP_ARCHITECT_INSPIRATIONS_SAMPLE_48921,1
WP_ARCHITECT_INSPIRATIONS_SAMPLE_48922,1
WP_ARCHITECT_INSPIRATIONS_SAMPLE_48923,1
WP_ARCHITECT_INSPIRATIONS_SAMPLE_48924,1
WP_ARCHITECT_INSPIRATIONS_SAMPLE_48926,1
WP_ARCHITECT_INSPIRATIONS_SAMPLE_48931,1
WP_ARCHITECT_INSPIRATIONS_SAMPLE_48932,1
WP_AUTHENTIC_682310,44
WP_AUTHENTIC_682334,15
WP_AUTHENTIC_682402,1
WP_AUTHENTIC_682410,6
WP_AUTHENTIC_682502,19
WP_AUTHENTIC_682602,12
WP_AUTHENTIC_682611,45
WP_AUTHENTIC_682615,54
WP_AUTHENTIC_682710,40
WP_AUTHENTIC_682711,37
WP_AUTHENTIC_682737,24
WP_AUTHENTIC_682810,17
WP_AUTHENTIC_731906,1
WP_AUTHENTIC_731911,1
WP_AUTHENTIC_732010,47
WP_AUTHENTIC_732011,20
WP_AUTHENTIC_732015,15
WP_Abbey_Rose_3_AB27617,5
WP_Abbey_Rose_3_AB27636,10
WP_Abbey_Rose_3_AB27642,3
WP_Abbey_Rose_3_AB27658,8
WP_Abbey_Rose_3_AB27666,2
WP_Abbey_Rose_3_AB31062,5
WP_Abbey_Rose_3_AB42401,10
WP_Abbey_Rose_3_AB42402,12
WP_Abbey_Rose_3_AB42405,1
WP_Abbey_Rose_3_AB42407,4
WP_Abbey_Rose_3_AB42420,4
WP_Abbey_Rose_3_AB42422,3
WP_Abbey_Rose_3_AB42423,6
WP_Abbey_Rose_3_AB42425,3
WP_Abbey_Rose_3_AB42426,3
WP_Abbey_Rose_3_AB42430,1
WP_Abbey_Rose_3_AB42431,10
WP_Abbey_Rose_3_AB42433,2
WP_Abbey_Rose_3_AB42436,4
WP_Abbey_Rose_3_AB42438,8
WP_Abbey_Rose_3_AB42439,11
WP_Abbey_Rose_3_AB42440,0
WP_Abbey_Rose_3_AB42444,4
WP_Abbey_Rose_3_BW28705,2
WP_Abbey_Rose_3_SAMPLE_AB42407,1
WP_Aisslinger_95584-3,12
WP_BEST_OF_VLIES_126429,5
WP_BEST_OF_VLIES_126436,36
WP_BEST_OF_VLIES_126443,12
WP_BEST_OF_VLIES_126450,12
WP_BEST_OF_VLIES_128119,24
WP_BEST_OF_VLIES_128218,12
WP_BEST_OF_VLIES_233752,24
WP_BEST_OF_VLIES_233769,24
WP_BEST_OF_VLIES_233776,24
WP_BEST_OF_VLIES_291127,12
WP_BEST_OF_VLIES_291233,24
WP_BEST_OF_VLIES_291240,24
WP_BEST_OF_VLIES_562128,10
WP_BEST_OF_VLIES_705693,12
WP_BEST_OF_VLIES_785541,11
WP_BEST_OF_VLIES_937674,18
WP_BEST_OF_VLIES_937682,11
WP_BEST_OF_VLIES_937701,10
WP_BEST_OF_VLIES_937905,9
WP_BEST_OF_VLIES_938102,20
WP_BEST_OF_VLIES_938141,12
WP_BEST_OF_VLIES_938142,12
WP_BEST_OF_VLIES_938151,11
WP_BEST_OF_VLIES_938152,12
WP_BEST_OF_VLIES_940835,22
WP_BEST_OF_VLIES_940843,18
WP_BEST_OF_VLIES_940853,4
WP_BEST_OF_VLIES_943495,2
WP_BEST_OF_VLIES_943498,10
WP_BEST_OF_VLIES_953421,13
WP_BEST_OF_VLIES_953422,6
WP_BEST_OF_VLIES_955171,10
WP_BEST_OF_VLIES_955172,14
WP_BEST_OF_VLIES_955182,12
WP_BEST_OF_VLIES_955183,24
WP_BEST_OF_VLIES_957141,10
WP_BLACK&WHITE2_151957,2
WP_BLACK&WHITE2_226815,12
WP_BLACK&WHITE2_227010,19
WP_BLACK&WHITE2_253514,38
WP_BLACK&WHITE2_255761,18
WP_BLACK&WHITE2_304117,21
WP_BLACK&WHITE2_552037,73
WP_BLACK&WHITE2_624017,20
WP_BLACK&WHITE2_669377,36
WP_BLACK&WHITE2_SAMPLE_253514,1
WP_BLACK&WHITE2_SAMPLE_255761,1
WP_BLACK&WHITE2_SAMPLE_304117,1
WP_BLACK&WHITE4_106742,8
WP_BLACK&WHITE4_132055,13
WP_BLACK&WHITE4_143112,16
WP_BLACK&WHITE4_143211,25
WP_BLACK&WHITE4_143228,5
WP_BLACK&WHITE4_161314,19
WP_BLACK&WHITE4_204042,48
WP_BLACK&WHITE4_206367,8
WP_BLACK&WHITE4_211774,19
WP_BLACK&WHITE4_211798,19
WP_BLACK&WHITE4_230928,19
WP_BLACK&WHITE4_230942,32
WP_BLACK&WHITE4_233110,20
WP_BLACK&WHITE4_240910,15
WP_BLACK&WHITE4_254818,34
WP_BLACK&WHITE4_255426,34
WP_BLACK&WHITE4_255440,49
WP_BLACK&WHITE4_256218,22
WP_BLACK&WHITE4_273727,10
WP_BLACK&WHITE4_282910,21
WP_BLACK&WHITE4_298270,4
WP_BLACK&WHITE4_305265,11
WP_BLACK&WHITE4_305805,12
WP_BLACK&WHITE4_306401,10
WP_BLACK&WHITE4_306891,6
WP_BLACK&WHITE4_322319,11
WP_BLACK&WHITE4_324191,6
WP_BLACK&WHITE4_324401,2
WP_BLACK&WHITE4_326317,4
WP_BLACK&WHITE4_328236,9
WP_BLACK&WHITE4_330321,10
WP_BLACK&WHITE4_341331,10
WP_BLACK&WHITE4_341377,0
WP_BLACK&WHITE4_341381,23
WP_BLACK&WHITE4_342443,8
WP_BLACK&WHITE4_342781,13
WP_BLACK&WHITE4_342784,9
WP_BLACK&WHITE4_344311,14
WP_BLACK&WHITE4_344981,0
WP_BLACK&WHITE4_346087,24
WP_BLACK&WHITE4_347213,26
WP_BLACK&WHITE4_347711,17
WP_BLACK&WHITE4_347713,13
WP_BLACK&WHITE4_347721,12
WP_BLACK&WHITE4_347722,6
WP_BLACK&WHITE4_347751,86
WP_BLACK&WHITE4_348681,18
WP_BLACK&WHITE4_349323,12
WP_BLACK&WHITE4_351822,12
WP_BLACK&WHITE4_354241,6
WP_BLACK&WHITE4_355662,9
WP_BLACK&WHITE4_356468,8
WP_BLACK&WHITE4_360814,12
WP_BLACK&WHITE4_360824,9
WP_BLACK&WHITE4_360826,12
WP_BLACK&WHITE4_360833,12
WP_BLACK&WHITE4_360834,12
WP_BLACK&WHITE4_361661,13
WP_BLACK&WHITE4_361663,41
WP_BLACK&WHITE4_361681,14
WP_BLACK&WHITE4_361684,1
WP_BLACK&WHITE4_361688,35
WP_BLACK&WHITE4_361851,12
WP_BLACK&WHITE4_362053,2
WP_BLACK&WHITE4_362631,12
WP_BLACK&WHITE4_362802,7
WP_BLACK&WHITE4_363404,22
WP_BLACK&WHITE4_363771,9
WP_BLACK&WHITE4_363773,5
WP_BLACK&WHITE4_363791,12
WP_BLACK&WHITE4_363951,14
WP_BLACK&WHITE4_364106,7
WP_BLACK&WHITE4_364107,10
WP_BLACK&WHITE4_364501,25
WP_BLACK&WHITE4_364591,14
WP_BLACK&WHITE4_364592,8
WP_BLACK&WHITE4_365741,37
WP_BLACK&WHITE4_365742,13
WP_BLACK&WHITE4_365751,17
WP_BLACK&WHITE4_365754,39
WP_BLACK&WHITE4_366287,7
WP_BLACK&WHITE4_552631,12
WP_BLACK&WHITE4_554338,28
WP_BLACK&WHITE4_647139,9
WP_BLACK&WHITE4_666314,9
WP_BLACK&WHITE4_785527,10
WP_BLACK&WHITE4_881854,22
WP_BLACK&WHITE4_884114,18
WP_BLACK&WHITE4_907882,38
WP_BLACK&WHITE4_935781,20
WP_BLACK&WHITE4_937922,20
WP_BLACK&WHITE4_939371,1
WP_BLACK&WHITE4_939431,240
WP_BLACK&WHITE4_943497,22
WP_BLACK&WHITE4_958111,14
WP_BLACK&WHITE4_960796,9
WP_BLACK&WHITE4_965318,24
WP_BLACK&WHITE4_974330,8
WP_BLACK&WHITE4_SAMPLE_106742,1
WP_BLACK&WHITE4_SAMPLE_204042,1
WP_BLACK&WHITE4_SAMPLE_206367,1
WP_BLACK&WHITE4_SAMPLE_255426,1
WP_BLACK&WHITE4_SAMPLE_255440,1
WP_BLACK&WHITE4_SAMPLE_256218,1
WP_BLACK&WHITE4_SAMPLE_344311,1
WP_BLACK&WHITE4_SAMPLE_361707,1
WP_BLACK&WHITE4_SAMPLE_554338,1
WP_BLACK&WHITE4_SAMPLE_907882,1
WP_BLACK_IS_BEAUTIFUL_116093,17
WP_BLACK_IS_BEAUTIFUL_132062,44
WP_BLACK_IS_BEAUTIFUL_139511,94
WP_BLACK_IS_BEAUTIFUL_230782,15
WP_BLACK_IS_BEAUTIFUL_230942,32
WP_BLACK_IS_BEAUTIFUL_255426,34
WP_BLACK_IS_BEAUTIFUL_305531,98
WP_BLACK_IS_BEAUTIFUL_309549,26
WP_BLACK_IS_BEAUTIFUL_326515,55
WP_BLACK_IS_BEAUTIFUL_336078,1
WP_BLACK_IS_BEAUTIFUL_349330,10
WP_BLACK_IS_BEAUTIFUL_355825,26
WP_BLACK_IS_BEAUTIFUL_359983,18
WP_BLACK_IS_BEAUTIFUL_361404,40
WP_BLACK_IS_BEAUTIFUL_361663,41
WP_BLACK_IS_BEAUTIFUL_361673,56
WP_BLACK_IS_BEAUTIFUL_361684,1
WP_BLACK_IS_BEAUTIFUL_362812,44
WP_BLACK_IS_BEAUTIFUL_365001,19
WP_BLACK_IS_BEAUTIFUL_365045,32
WP_BLACK_IS_BEAUTIFUL_365053,30
WP_BLACK_IS_BEAUTIFUL_365754,39
WP_BLACK_IS_BEAUTIFUL_368984,29
WP_BLACK_IS_BEAUTIFUL_369191,25
WP_BLACK_IS_BEAUTIFUL_369195,11
WP_BLACK_IS_BEAUTIFUL_371324,11
WP_BLACK_IS_BEAUTIFUL_371724,11
WP_BLACK_IS_BEAUTIFUL_371781,7
WP_BLACK_IS_BEAUTIFUL_373346,12
WP_BLACK_IS_BEAUTIFUL_374123,1
WP_BLACK_IS_BEAUTIFUL_374132,15
WP_BLACK_IS_BEAUTIFUL_374154,21
WP_BLACK_IS_BEAUTIFUL_374256,32
WP_BLACK_IS_BEAUTIFUL_374833,2
WP_BLACK_IS_BEAUTIFUL_375226,5
WP_BLACK_IS_BEAUTIFUL_375261,4
WP_BLACK_IS_BEAUTIFUL_375263,0
WP_BLACK_IS_BEAUTIFUL_376783,2
WP_BLACK_IS_BEAUTIFUL_377466,5
WP_BLACK_IS_BEAUTIFUL_377475,12
WP_BLACK_IS_BEAUTIFUL_377614,15
WP_BLACK_IS_BEAUTIFUL_378326,7
WP_BLACK_IS_BEAUTIFUL_378644,20
WP_BLACK_IS_BEAUTIFUL_378672,20
WP_BLACK_IS_BEAUTIFUL_379822,7
WP_BLACK_IS_BEAUTIFUL_379832,13
WP_BLACK_IS_BEAUTIFUL_379844,22
WP_BLACK_IS_BEAUTIFUL_379852,18
WP_BLACK_IS_BEAUTIFUL_379866,16
WP_BLACK_IS_BEAUTIFUL_379871,12
WP_BLACK_IS_BEAUTIFUL_379913,4
WP_BLACK_IS_BEAUTIFUL_380215,23
WP_BLACK_IS_BEAUTIFUL_380233,13
WP_BLACK_IS_BEAUTIFUL_380291,9
WP_BLACK_IS_BEAUTIFUL_385242,2
WP_BLACK_IS_BEAUTIFUL_385253,11
WP_BLACK_IS_BEAUTIFUL_385293,9
WP_BLACK_IS_BEAUTIFUL_385924,3
WP_BLACK_IS_BEAUTIFUL_385932,25
WP_BLACK_IS_BEAUTIFUL_385963,0
WP_BLACK_IS_BEAUTIFUL_386942,1
WP_BLACK_IS_BEAUTIFUL_386971,17
WP_BLACK_IS_BEAUTIFUL_387074,2
WP_BLACK_IS_BEAUTIFUL_387085,29
WP_BLACK_IS_BEAUTIFUL_387185,26
WP_BLACK_IS_BEAUTIFUL_387203,19
WP_BLACK_IS_BEAUTIFUL_387415,22
WP_BLACK_IS_BEAUTIFUL_387426,2
WP_BLACK_IS_BEAUTIFUL_388134,13
WP_BLACK_IS_BEAUTIFUL_388181,14
WP_BLACK_IS_BEAUTIFUL_388224,19
WP_BLACK_IS_BEAUTIFUL_388234,10
WP_BLACK_IS_BEAUTIFUL_388241,19
WP_BLACK_IS_BEAUTIFUL_388313,3
WP_BLACK_IS_BEAUTIFUL_388325,15
WP_BLACK_IS_BEAUTIFUL_389367,2
WP_BLACK_IS_BEAUTIFUL_707123,53
WP_BLACK_IS_BEAUTIFUL_914224,36
WP_BLACK_IS_BEAUTIFUL_937911,84
WP_BLACK_IS_BEAUTIFUL_942833,40
WP_BLACK_IS_BEAUTIFUL_953723,188
WP_BLACK_IS_BEAUTIFUL_SAMPLE_305531,1
WP_BLACK_IS_BEAUTIFUL_SAMPLE_326515,1
WP_BLACK_IS_BEAUTIFUL_SAMPLE_336078,1
WP_BLACK_IS_BEAUTIFUL_SAMPLE_361404,1
WP_BLACK_IS_BEAUTIFUL_SAMPLE_361663,1
WP_BLACK_IS_BEAUTIFUL_SAMPLE_361673,1
WP_BLACK_IS_BEAUTIFUL_SAMPLE_361684,1
WP_BLACK_IS_BEAUTIFUL_SAMPLE_365754,1
WP_BLACK_IS_BEAUTIFUL_SAMPLE_368984,1
WP_BLACK_IS_BEAUTIFUL_SAMPLE_369191,1
WP_BLACK_IS_BEAUTIFUL_SAMPLE_369195,1
WP_BLACK_IS_BEAUTIFUL_SAMPLE_371724,1
WP_BLACK_IS_BEAUTIFUL_SAMPLE_374123,1
WP_BLACK_IS_BEAUTIFUL_SAMPLE_374132,1
WP_BLACK_IS_BEAUTIFUL_SAMPLE_374246,1
WP_BLACK_IS_BEAUTIFUL_SAMPLE_374273,1
WP_BLACK_IS_BEAUTIFUL_SAMPLE_374833,1
WP_BLACK_IS_BEAUTIFUL_SAMPLE_375261,1
WP_BLACK_IS_BEAUTIFUL_SAMPLE_377614,1
WP_BLACK_IS_BEAUTIFUL_SAMPLE_378326,1
WP_BLACK_IS_BEAUTIFUL_SAMPLE_378672,1
WP_BLACK_IS_BEAUTIFUL_SAMPLE_379832,1
WP_BLACK_IS_BEAUTIFUL_SAMPLE_379844,1
WP_BLACK_IS_BEAUTIFUL_SAMPLE_379901,1
WP_BLACK_IS_BEAUTIFUL_SAMPLE_380215,1
WP_BLACK_IS_BEAUTIFUL_SAMPLE_380233,1
WP_BLACK_IS_BEAUTIFUL_SAMPLE_383532,1
WP_BLACK_IS_BEAUTIFUL_SAMPLE_385093,1
WP_BLACK_IS_BEAUTIFUL_SAMPLE_385242,1
WP_BLACK_IS_BEAUTIFUL_SAMPLE_385293,0
WP_BLACK_IS_BEAUTIFUL_SAMPLE_385932,1
WP_BLACK_IS_BEAUTIFUL_SAMPLE_387074,1
WP_BLACK_IS_BEAUTIFUL_SAMPLE_387085,1
WP_BLACK_IS_BEAUTIFUL_SAMPLE_387185,1
WP_BLACK_IS_BEAUTIFUL_SAMPLE_387415,1
WP_BLACK_IS_BEAUTIFUL_SAMPLE_388181,1
WP_BLACK_IS_BEAUTIFUL_SAMPLE_388224,1
WP_BLACK_IS_BEAUTIFUL_SAMPLE_388234,1
WP_BLACK_IS_BEAUTIFUL_SAMPLE_388241,1
WP_BLACK_IS_BEAUTIFUL_SAMPLE_937911,1
WP_BLACK_IS_BEAUTIFUL_SAMPLE_953723,1
WP_BOHEMIAN_945310,1
WP_BOHEMIAN_945327,10
WP_BOHEMIAN_945334,15
WP_BOHEMIAN_945341,23
WP_BOHEMIAN_945358,3
WP_BOHEMIAN_945426,3
WP_BOHEMIAN_945525,13
WP_BOHEMIAN_945617,15
WP_BOHEMIAN_945631,7
WP_BOHEMIAN_945648,28
WP_BOHEMIAN_945655,19
WP_BOHEMIAN_945716,27
WP_BOHEMIAN_945723,22
WP_BOHEMIAN_945730,13
WP_BOHEMIAN_945747,12
WP_BOHEMIAN_945754,12
WP_BOHEMIAN_945761,1
WP_BOHEMIAN_945778,19
WP_BOHEMIAN_945785,9
WP_BOHEMIAN_945792,18
WP_BOHEMIAN_945914,33
WP_BOHEMIAN_945921,1
WP_BOHEMIAN_945938,9
WP_BOHEMIAN_945945,13
WP_BOHEMIAN_945952,3
WP_BOHEMIAN_946218,6
WP_BOHEMIAN_946225,17
WP_BOHEMIAN_946232,19
WP_BOHEMIAN_946263,150
WP_BOHEMIAN_946317,24
WP_BOHEMIAN_946331,21
WP_BOHEMIAN_946348,1
WP_BOHEMIAN_946355,15
WP_BOHEMIAN_946515,24
WP_BOHEMIAN_946522,18
WP_BOHEMIAN_946539,24
WP_BOHEMIAN_946546,3
WP_BOHEMIAN_946553,14
WP_BOHEMIAN_946911,11
WP_BOHEMIAN_946928,20
WP_BOHEMIAN_947116,7
WP_BOHEMIAN_SAMPLE_945334,1
WP_BOHEMIAN_SAMPLE_945426,1
WP_BRIX_670306,34
WP_BRIX_670502,14
WP_BRIX_670510,36
WP_BRIX_670702,37
WP_BRIX_670711,42
WP_BRIX_670827,30
WP_BRIX_671102,30
WP_BRIX_671110,63
WP_BRIX_671131,31
WP_BRIX_671202,30
WP_Bestsellers2_5915-11,24
WP_Bestsellers2_5915-37,11
WP_Bestsellers2_5918-11,12
WP_Bestsellers2_5959-10,3
WP_Bestsellers2_5959-38,7
WP_Bestsellers2_5962-10,25
WP_Bestsellers2_5972-38,1
WP_Bestsellers2_5974-38,34
WP_Bestsellers2_5974-47,10
WP_Bestsellers2_5975-01,13
WP_Bestsellers2_5975-10,19
WP_Bestsellers2_5975-47,17
WP_Bestsellers2_5989-49,10
WP_Bestsellers2_5991-10,7
WP_Bestsellers2_5992-10,13
WP_Bestsellers2_5992-49,9
WP_Bestsellers2_5998-10,5
WP_Bestsellers2_5998-31,36
WP_Bestsellers2_6302-10,9
WP_Bestsellers2_6303-07,0
WP_Bestsellers2_6303-10,19
WP_Bestsellers2_6304-02,20
WP_Bestsellers2_6304-08,26
WP_Bestsellers2_6304-43,21
WP_Bestsellers2_6305-10,87
WP_Bestsellers2_6305-14,2
WP_Bestsellers2_6307-08,8
WP_Bestsellers2_6307-14,7
WP_Bestsellers2_6308-02,7
WP_Bestsellers2_6308-10,8
WP_Bestsellers2_6308-11,6
WP_Bestsellers2_6308-19,27
WP_Bestsellers2_6308-38,16
WP_Bestsellers2_6309-11,23
WP_Bestsellers2_6309-36,3
WP_Bestsellers2_6310-07,29
WP_Bestsellers2_6310-37,1
WP_Bestsellers2_6311-07,22
WP_Bestsellers2_6311-37,3
WP_Bestsellers2_6311-38,9
WP_Bestsellers2_6435-06,13
WP_Bestsellers2_6435-37,1
WP_Bestsellers2_6442-29,27
WP_Bestsellers2_6450-15,1
WP_Bestsellers2_6451-01,0
WP_Bestsellers2_6451-06,103
WP_Bestsellers2_6950-15,12
WP_Bestsellers2_6950-37,20
WP_Bestsellers2_6975-10,10
WP_Bestsellers2_SAMPLE_5915-11,1
WP_Bestsellers2_SAMPLE_5915-37,1
WP_Bestsellers2_SAMPLE_5991-10,1
WP_Bestsellers2_SAMPLE_5992-10,1
WP_Bestsellers2_SAMPLE_5992-49,1
WP_Bestsellers2_SAMPLE_6302-10,1
WP_Bestsellers2_SAMPLE_6303-07,1
WP_Bestsellers2_SAMPLE_6305-10,1
WP_Bestsellers2_SAMPLE_6308-19,1
WP_Bestsellers2_SAMPLE_6309-11,1
WP_Bestsellers2_SAMPLE_6435-06,1
WP_Bestsellers2_SAMPLE_6451-01,1
WP_Bestsellers2_SAMPLE_6451-06,1
WP_Bestsellers2_SAMPLE_6950-15,1
WP_Bestsellers2_SAMPLE_6975-10,1
WP_Botanica_30416,32
WP_Botanica_33301,11
WP_Botanica_33302,55
WP_Botanica_33303,11
WP_Botanica_33304,0
WP_Botanica_33305,1
WP_Botanica_33306,42
WP_Botanica_33307,16
WP_Botanica_33308,11
WP_Botanica_33309,15
WP_Botanica_33310,45
WP_Botanica_33311,15
WP_Botanica_33312,34
WP_Botanica_33314,25
WP_Botanica_33315,24
WP_Botanica_33316,16
WP_Botanica_33317,16
WP_Botanica_33318,8
WP_Botanica_33319,3
WP_Botanica_33320,22
WP_Botanica_33321,50
WP_Botanica_33322,11
WP_Botanica_33323,12
WP_Botanica_33324,11
WP_Botanica_33325,0
WP_Botanica_33326,9
WP_Botanica_33327,43
WP_Botanica_33328,7
WP_Botanica_33329,33
WP_Botanica_33330,11
WP_Botanica_33331,9
WP_Botanica_33332,12
WP_Botanica_33333,14
WP_Botanica_33951,2
WP_Botanica_33952,16
WP_Botanica_33953,7
WP_Botanica_33954,24
WP_Botanica_33955,14
WP_Botanica_33956,17
WP_Botanica_33957,6
WP_Botanica_33958,19
WP_Botanica_33959,13
WP_Botanica_33960,23
WP_Botanica_33961,5
WP_Botanica_33962,8
WP_Botanica_33963,19
WP_Botanica_33964,8
WP_Botanica_33965,12
WP_Botanica_33966,4
WP_Botanica_33967,34
WP_Botanica_33968,7
WP_Botanica_33969,24
WP_Botanica_33970,21
WP_Botanica_33971,33
WP_Botanica_SAMPLE_33304,1
WP_Botanica_SAMPLE_33305,1
WP_Botanica_SAMPLE_33306,1
WP_Botanica_SAMPLE_33307,1
WP_Botanica_SAMPLE_33309,1
WP_Botanica_SAMPLE_33311,1
WP_Botanica_SAMPLE_33312,1
WP_Botanica_SAMPLE_33314,1
WP_Botanica_SAMPLE_33318,1
WP_Botanica_SAMPLE_33319,1
WP_Botanica_SAMPLE_33320,1
WP_Botanica_SAMPLE_33321,1
WP_Botanica_SAMPLE_33323,1
WP_Botanica_SAMPLE_33325,1
WP_Botanica_SAMPLE_33329,1
WP_Botanica_SAMPLE_33951,1
WP_Botanica_SAMPLE_33952,1
WP_Botanica_SAMPLE_33953,1
WP_Botanica_SAMPLE_33954,1
WP_Botanica_SAMPLE_33955,1
WP_Botanica_SAMPLE_33957,1
WP_Botanica_SAMPLE_33958,19
WP_Botanica_SAMPLE_33960,1
WP_Botanica_SAMPLE_33967,1
WP_Botanica_SAMPLE_33971,1
WP_CASUAL_CHIC_1025701,16
WP_CASUAL_CHIC_1025702,5
WP_CASUAL_CHIC_1025708,2
WP_CASUAL_CHIC_1025710,10
WP_CASUAL_CHIC_1025718,3
WP_CASUAL_CHIC_1025803,2
WP_CASUAL_CHIC_1025805,5
WP_CASUAL_CHIC_1025808,9
WP_CASUAL_CHIC_1025814,3
WP_CASUAL_CHIC_1025818,8
WP_CASUAL_CHIC_1025901,6
WP_CASUAL_CHIC_1025907,10
WP_CASUAL_CHIC_1025910,0
WP_CASUAL_CHIC_1025911,16
WP_CASUAL_CHIC_1025931,15
WP_CASUAL_CHIC_1026001,14
WP_CASUAL_CHIC_1026002,28
WP_CASUAL_CHIC_1026010,20
WP_CASUAL_CHIC_1026011,46
WP_CASUAL_CHIC_1026031,40
WP_CASUAL_CHIC_1026201,9
WP_CASUAL_CHIC_1026202,4
WP_CASUAL_CHIC_1026207,15
WP_CASUAL_CHIC_1026208,4
WP_CASUAL_CHIC_1026210,6
WP_CASUAL_CHIC_1026211,13
WP_CASUAL_CHIC_1026214,46
WP_CASUAL_CHIC_1026218,7
WP_CASUAL_CHIC_1026226,12
WP_CASUAL_CHIC_1026231,3
WP_CASUAL_CHIC_1027302,27
WP_CASUAL_CHIC_1027308,6
WP_CASUAL_CHIC_1027311,2
WP_CASUAL_CHIC_1027314,8
WP_CASUAL_CHIC_1027318,4
WP_CASUAL_CHIC_1027331,9
WP_CASUAL_CHIC_1027344,5
WP_CASUAL_CHIC_SAMPLE_1025702,1
WP_CASUAL_CHIC_SAMPLE_1025708,1
WP_CASUAL_CHIC_SAMPLE_1025805,1
WP_CASUAL_CHIC_SAMPLE_1025808,1
WP_CASUAL_CHIC_SAMPLE_1025814,1
WP_CASUAL_CHIC_SAMPLE_1025818,1
WP_CASUAL_CHIC_SAMPLE_1025901,1
WP_CASUAL_CHIC_SAMPLE_1025907,1
WP_CASUAL_CHIC_SAMPLE_1026211,1
WP_CASUAL_CHIC_SAMPLE_1027302,1
WP_CASUAL_CHIC_SAMPLE_1027318,1
WP_CLASSIC_MOMENTS_578014,20
WP_CLASSIC_MOMENTS_578015,62
WP_CLASSIC_MOMENTS_578114,12
WP_CLASSIC_MOMENTS_578214,11
WP_CLASSIC_MOMENTS_578215,10
WP_CLASSIC_MOMENTS_578227,6
WP_CLASSIC_MOMENTS_578229,12
WP_CLASSIC_MOMENTS_578314,25
WP_CLASSIC_MOMENTS_578327,28
WP_CLASSIC_MOMENTS_578329,38
WP_CLASSIC_MOMENTS_578414,36
WP_CLASSIC_MOMENTS_578424,10
WP_CLASSIC_MOMENTS_578502,12
WP_CLASSIC_MOMENTS_578529,16
WP_CLASSIC_MOMENTS_578534,30
WP_CLASSIC_MOMENTS_578635,4
WP_CLASSIC_MOMENTS_578703,12
WP_CLASSIC_MOMENTS_578803,9
WP_CLASSIC_MOMENTS_578914,14
WP_CLASSIC_MOMENTS_578935,12
WP_CLASSIC_MOMENTS_579011,20
WP_CLASSIC_MOMENTS_579027,13
WP_CLASSIC_MOMENTS_579030,12
WP_CLASSIC_MOMENTS_579042,10
WP_CLASSIC_SILKS2_CH28242,2
WP_CLASSIC_SILKS2_CS27312,10
WP_CLASSIC_SILKS2_CS27317,8
WP_CLASSIC_SILKS2_CS27321,11
WP_CLASSIC_SILKS2_CS27328,1
WP_CLASSIC_SILKS2_CS27332,2
WP_CLASSIC_SILKS2_CS27361,5
WP_CLASSIC_SILKS2_CS27364,6
WP_CLASSIC_SILKS2_CS27371,2
WP_CLASSIC_SILKS2_CS35600,7
WP_CLASSIC_SILKS2_CS35601,1
WP_CLASSIC_SILKS2_CS35602,1
WP_CLASSIC_SILKS2_CS35603,5
WP_CLASSIC_SILKS2_CS35604,1
WP_CLASSIC_SILKS2_CS35605,7
WP_CLASSIC_SILKS2_CS35606,1
WP_CLASSIC_SILKS2_CS35607,7
WP_CLASSIC_SILKS2_CS35608,26
WP_CLASSIC_SILKS2_CS35609,9
WP_CLASSIC_SILKS2_CS35610,7
WP_CLASSIC_SILKS2_CS35611,9
WP_CLASSIC_SILKS2_CS35612,6
WP_CLASSIC_SILKS2_CS35613,10
WP_CLASSIC_SILKS2_CS35614,6
WP_CLASSIC_SILKS2_CS35615,7
WP_CLASSIC_SILKS2_CS35616,6
WP_CLASSIC_SILKS2_CS35617,4
WP_CLASSIC_SILKS2_CS35618,11
WP_CLASSIC_SILKS2_CS35619,4
WP_CLASSIC_SILKS2_CS35620,6
WP_CLASSIC_SILKS2_CS35621,1
WP_CLASSIC_SILKS2_CS35622,1
WP_CLASSIC_SILKS2_CS35623,7
WP_CLASSIC_SILKS2_CS35624,1
WP_CLASSIC_SILKS2_CS35625,1
WP_CLASSIC_SILKS2_CS35626,1
WP_CLASSIC_SILKS2_CS35627,1
WP_CLASSIC_SILKS2_CS35628,8
WP_CLASSIC_SILKS2_CS35629,7
WP_CLASSIC_SILKS2_MD29449,8
WP_CLASSIC_SILKS2_SAMPLE_SM30383,1
WP_CLASSIC_SILKS2_SH26508,6
WP_CLASSIC_SILKS2_SL27529,6
WP_CLASSIC_SILKS2_SL27531,1
WP_CLASSIC_SILKS2_SL27532,13
WP_CLASSIC_SILKS2_SL27537,9
WP_CLASSIC_SILKS2_SL27539,10
WP_CLASSIC_SILKS2_SL27540,12
WP_CLASSIC_SILKS2_SL27541,11
WP_CLASSIC_SILKS2_SL27543,9
WP_CLASSIC_SILKS2_SL27545,4
WP_CLASSIC_SILKS2_SL27560,5
WP_CLASSIC_SILKS2_SL27561,6
WP_CLASSIC_SILKS2_SL27562,6
WP_CLASSIC_SILKS2_SL27563,9
WP_CLASSIC_SILKS2_SL27564,5
WP_CLASSIC_SILKS2_SL27566,7
WP_CLASSIC_SILKS2_SL27569,1
WP_CLASSIC_SILKS2_SL27570,9
WP_CLASSIC_SILKS2_SM30355,1
WP_CLASSIC_SILKS2_SM30358,3
WP_CLASSIC_SILKS2_SM30359,5
WP_CLASSIC_SILKS2_SM30360,5
WP_CLASSIC_SILKS2_SM30363,2
WP_CLASSIC_SILKS2_SM30364,3
WP_CLASSIC_SILKS2_SM30383,1
WP_CLASSIC_SILKS2_SM30387,5
WP_CLASSIC_SILKS2_ST25204,14
WP_CLASSIC_SILKS2_ST25210,3
WP_Creative_Kitchens_CK36631,5
WP_Creative_Kitchens_CK36632,5
WP_Creative_Kitchens_CK36633,6
WP_Creative_Kitchens_CK36635,7
WP_Creative_Kitchens_CK36637,5
WP_Creative_Kitchens_CO25930,3
WP_Creative_Kitchens_CU25955,8
WP_Creative_Kitchens_KB25621,5
WP_Creative_Kitchens_KB25622,4
WP_Creative_Kitchens_KB25627,4
WP_Creative_Kitchens_KB25628,5
WP_Creative_Kitchens_KE29906,5
WP_Creative_Kitchens_KE29907,3
WP_Creative_Kitchens_KE29913,1
WP_Creative_Kitchens_KE29934,1
WP_Creative_Kitchens_KE29939,3
WP_Creative_Kitchens_KE29945,9
WP_Creative_Kitchens_KE29946,12
WP_Creative_Kitchens_KE29950,4
WP_Creative_Kitchens_KE29951,2
WP_Creative_Kitchens_KE29952,3
WP_Creative_Kitchens_KK26713,6
WP_Creative_Kitchens_KK26718,6
WP_Creative_Kitchens_KK26754,2
WP_Creative_Kitchens_KT15512,9
WP_Creative_Kitchens_KV27423,5
WP_Creative_Kitchens_LL29532,2
WP_Creative_Kitchens_LL29537,2
WP_Creative_Kitchens_LL36207,5
WP_Creative_Kitchens_LL36217,5
WP_Creative_Kitchens_LL36236,10
WP_Creative_Kitchens_LL36237,19
WP_Creative_Kitchens_LL36238,13
WP_Creative_Kitchens_SAMPLE_CK36631,1
WP_Creative_Kitchens_SAMPLE_KE29945,1
WP_Creative_Kitchens_SAMPLE_KE29951,1
WP_Creative_Kitchens_SAMPLE_KK26753,1
WP_Creative_Kitchens_SAMPLE_LL29501,1
WP_Creative_Kitchens_SF26108,6
WP_Creative_Kitchens_SP21158,8
WP_Creative_Kitchens_SP21160,4
WP_Creative_Kitchens_SP21161,5
WP_DANIEL_HECHTER_912855,9
WP_DANIEL_HECHTER_III_939921,27
WP_DANIEL_HECHTER_III_939922,16
WP_DANIEL_HECHTER_III_939923,1
WP_DANIEL_HECHTER_III_939924,29
WP_DANIEL_HECHTER_III_939925,31
WP_DANIEL_HECHTER_III_943272,24
WP_DANIEL_HECHTER_III_944171,14
WP_DANIEL_HECHTER_III_944172,16
WP_DANIEL_HECHTER_III_944181,4
WP_DANIEL_HECHTER_III_944182,44
WP_DANIEL_HECHTER_III_944191,5
WP_DANIEL_HECHTER_III_944192,1
WP_DANIEL_HECHTER_III_952571,8
WP_DANIEL_HECHTER_III_952573,30
WP_DANIEL_HECHTER_III_952574,14
WP_DANIEL_HECHTER_III_952581,1
WP_DANIEL_HECHTER_III_952582,39
WP_DANIEL_HECHTER_III_952584,31
WP_DANIEL_HECHTER_III_952591,29
WP_DANIEL_HECHTER_III_952592,72
WP_DANIEL_HECHTER_III_952593,20
WP_DANIEL_HECHTER_III_952594,3
WP_DANIEL_HECHTER_III_952621,34
WP_DANIEL_HECHTER_III_952622,8
WP_DANIEL_HECHTER_III_952623,30
WP_DANIEL_HECHTER_III_952624,17
WP_DANIEL_HECHTER_III_952625,12
WP_DANIEL_HECHTER_III_952626,8
WP_DANIEL_HECHTER_III_952627,19
WP_DANIEL_HECHTER_III_952628,3
WP_DANIEL_HECHTER_III_952629,17
WP_DANIEL_HECHTER_III_952631,21
WP_DANIEL_HECHTER_III_952632,1
WP_DANIEL_HECHTER_III_952633,13
WP_DANIEL_HECHTER_III_952832,1
WP_DANIEL_HECHTER_III_952833,7
WP_DANIEL_HECHTER_III_952834,11
WP_DANIEL_HECHTER_III_952841,6
WP_DANIEL_HECHTER_III_952842,14
WP_DANIEL_HECHTER_III_952843,1
WP_DANIEL_HECHTER_III_952844,2
WP_DANIEL_HECHTER_III_952845,10
WP_DANIEL_HECHTER_III_SAMPLE_939921,1
WP_DANIEL_HECHTER_III_SAMPLE_939925,1
WP_DANIEL_HECHTER_III_SAMPLE_952582,1
WP_DANIEL_HECHTER_III_SAMPLE_952591,1
WP_DANIEL_HECHTER_III_SAMPLE_952592,1
WP_DANIEL_HECHTER_III_SAMPLE_952843,1
WP_DECOWORLD_954022,1
WP_DECOWORLD_954023,22
WP_DECOWORLD_954051,39
WP_DECOWORLD_954052,48
WP_DECOWORLD_954053,56
WP_DECOWORLD_954054,56
WP_DECOWORLD_954061,13
WP_DECOWORLD_954062,49
WP_DECOWORLD_954063,27
WP_DECOWORLD_954064,26
WP_DECOWORLD_954065,21
WP_DECOWORLD_954142,21
WP_DECOWORLD_954143,8
WP_DECOWORLD_954491,1
WP_DECOWORLD_955271,11
WP_DECOWORLD_955272,12
WP_DECOWORLD_955273,23
WP_DECOWORLD_955274,21
WP_DECOWORLD_955275,20
WP_DECOWORLD_955276,24
WP_DECOWORLD_955277,36
WP_DECOWORLD_956641,16
WP_DECOWORLD_956642,16
WP_DECOWORLD_956645,4
WP_DECOWORLD_956981,1
WP_DECOWORLD_956982,21
WP_DECOWORLD_956983,13
WP_DECOWORLD_SAMPLE_954051,1
WP_DECOWORLD_SAMPLE_954052,1
WP_DECOWORLD_SAMPLE_954053,1
WP_DECOWORLD_SAMPLE_954054,1
WP_DECOWORLD_SAMPLE_954142,1
WP_DECOWORLD_SAMPLE_954143,1
WP_DECOWORLD_SAMPLE_956983,1
WP_DEKORA_NATUR_5_118745,13
WP_DEKORA_NATUR_5_156310,9
WP_DEKORA_NATUR_5_190512,12
WP_DEKORA_NATUR_5_190611,16
WP_DEKORA_NATUR_5_273017,32
WP_DEKORA_NATUR_5_280725,75
WP_DEKORA_NATUR_5_607720,30
WP_DEKORA_NATUR_5_607744,11
WP_DEKORA_NATUR_5_662217,7
WP_DEKORA_NATUR_5_663214,8
WP_DEKORA_NATUR_5_663221,15
WP_DEKORA_NATUR_5_664334,17
WP_DEKORA_NATUR_5_665126,4
WP_DEKORA_NATUR_5_665133,8
WP_DEKORA_NATUR_5_692412,4
WP_DEKORA_NATUR_5_704719,48
WP_DEKORA_NATUR_5_704726,48
WP_DEKORA_NATUR_5_737212,10
WP_DEKORA_NATUR_5_859518,23
WP_DEKORA_NATUR_5_859822,12
WP_DEKORA_NATUR_5_859914,12
WP_DEKORA_NATUR_5_859921,11
WP_DEKORA_NATUR_5_859938,11
WP_DEKORA_NATUR_5_860927,12
WP_DEKORA_NATUR_5_861016,36
WP_DEKORA_NATUR_5_872524,12
WP_DEKORA_NATUR_5_877123,12
WP_DEKORA_NATUR_5_886620,72
WP_DEKORA_NATUR_5_886644,10
WP_DEKORA_NATUR_5_897510,10
WP_DEKORA_NATUR_5_897527,10
WP_DEKORA_NATUR_5_897534,6
WP_DEKORA_NATUR_5_911315,7
WP_DEKORA_NATUR_5_911339,12
WP_DEKORA_NATUR_5_911926,11
WP_DEKORA_NATUR_5_912114,51
WP_DEKORA_NATUR_5_912138,11
WP_DEKORA_NATUR_5_914118,17
WP_DEKORA_NATUR_5_SAMPLE_607744,1
WP_DEKORA_NATUR_5_SAMPLE_665126,1
WP_DEKORA_NATUR_5_SAMPLE_665133,1
WP_DEKORA_NATUR_5_SAMPLE_692412,1
WP_DEKORA_NATUR_5_SAMPLE_861016,1
WP_DEKORA_NATUR_5_SAMPLE_886620,72
WP_DEKORA_NATUR_5_SAMPLE_911315,1
WP_DEKORA_NATUR_5_SAMPLE_912114,1
WP_EARTH_99178_SAMPLE,8
WP_EARTH_99179_SAMPLE,19
WP_EARTH_99180_SAMPLE,11
WP_EARTH_99181_SAMPLE,5
WP_ELEGANCE_2_179036,7
WP_ELEGANCE_2_179043,10
WP_ELEGANCE_2_181510,49
WP_ELEGANCE_2_206312,24
WP_ELEGANCE_2_211712,28
WP_ELEGANCE_2_211743,13
WP_ELEGANCE_2_211767,13
WP_ELEGANCE_2_293039,10
WP_ELEGANCE_2_293053,12
WP_ELEGANCE_2_293077,12
WP_ELEGANCE_2_293084,11
WP_ELEGANCE_2_303226,12
WP_ELEGANCE_2_936761,10
WP_ELEGANCE_2_936762,28
WP_ELEGANCE_2_936771,3
WP_ELEGANCE_2_937222,7
WP_ELEGANCE_2_937224,12
WP_ELEGANCE_2_937235,8
WP_ELEGANCE_2_937236,10
WP_ELEGANCE_2_937237,45
WP_ELEGANCE_2_937238,12
WP_ELEGANCE_2_937239,12
WP_ELEGANCE_2_937241,12
WP_ELEGANCE_2_937302,14
WP_ELEGANCE_2_937304,18
WP_ELEGANCE_2_937306,12
WP_ELEGANCE_2_SAMPLE_937237,2
WP_ELLE_DECORATION_3_10329_01,12
WP_ELLE_DECORATION_3_10329_01_SAMPLE,12
WP_ELLE_DECORATION_3_10329_15,10
WP_ELLE_DECORATION_3_10329_15_SAMPLE,10
WP_ELLE_DECORATION_3_10329_30,0
WP_ELLE_DECORATION_3_10329_30_SAMPLE,0
WP_ELLE_DECORATION_3_10330_01,19
WP_ELLE_DECORATION_3_10330_01_SAMPLE,19
WP_ELLE_DECORATION_3_10330_10,16
WP_ELLE_DECORATION_3_10330_10_SAMPLE,16
WP_ELLE_DECORATION_3_10330_15,33
WP_ELLE_DECORATION_3_10330_15_SAMPLE,33
WP_ELLE_DECORATION_3_10330_30,18
WP_ELLE_DECORATION_3_10330_30_SAMPLE,18
WP_ELLE_DECORATION_3_10331_07,7
WP_ELLE_DECORATION_3_10331_07_SAMPLE,7
WP_ELLE_DECORATION_3_10331_10,5
WP_ELLE_DECORATION_3_10331_10_SAMPLE,5
WP_ELLE_DECORATION_3_10331_15,4
WP_ELLE_DECORATION_3_10331_15_SAMPLE,4
WP_ELLE_DECORATION_3_10332_01,9
WP_ELLE_DECORATION_3_10332_01_SAMPLE,9
WP_ELLE_DECORATION_3_10332_05,1
WP_ELLE_DECORATION_3_10332_05_SAMPLE,1
WP_ELLE_DECORATION_3_10332_07,4
WP_ELLE_DECORATION_3_10332_07_SAMPLE,4
WP_ELLE_DECORATION_3_10332_10,4
WP_ELLE_DECORATION_3_10332_10_SAMPLE,4
WP_ELLE_DECORATION_3_10332_15,9
WP_ELLE_DECORATION_3_10332_15_SAMPLE,9
WP_ELLE_DECORATION_3_10334_01,0
WP_ELLE_DECORATION_3_10334_01_SAMPLE,0
WP_ELLE_DECORATION_3_10334_15,8
WP_ELLE_DECORATION_3_10334_15_SAMPLE,8
WP_ELLE_DECORATION_3_10335_08,2
WP_ELLE_DECORATION_3_10335_08_SAMPLE,2
WP_ELLE_DECORATION_3_10335_25,2
WP_ELLE_DECORATION_3_10335_25_SAMPLE,2
WP_ELLE_DECORATION_3_10335_30,36
WP_ELLE_DECORATION_3_10335_30_SAMPLE,36
WP_ELLE_DECORATION_3_10335_31,4
WP_ELLE_DECORATION_3_10335_31_SAMPLE,4
WP_ELLE_DECORATION_3_10345_02,9
WP_ELLE_DECORATION_3_10345_02_SAMPLE,9
WP_ELLE_DECORATION_3_10345_07,10
WP_ELLE_DECORATION_3_10345_07_SAMPLE,10
WP_ELLE_DECORATION_3_10345_10,4
WP_ELLE_DECORATION_3_10345_10_SAMPLE,4
WP_ELLE_DECORATION_3_10345_15,2
WP_ELLE_DECORATION_3_10345_15_SAMPLE,2
WP_ELLE_DECO_2_10171-02_,21
WP_ELLE_DECO_2_10171-05,16
WP_ELLE_DECO_2_10171-10,6
WP_ELLE_DECO_2_10171-14,11
WP_ELLE_DECO_2_10171-15,91
WP_ELLE_DECO_2_10171-16,6
WP_ELLE_DECO_2_10171-18,30
WP_ELLE_DECO_2_10171-19,21
WP_ELLE_DECO_2_10171-20,8
WP_ELLE_DECO_2_10171-29,11
WP_ELLE_DECO_2_10171-30,1
WP_ELLE_DECO_2_10171-31,24
WP_ELLE_DECO_2_10171-35,2
WP_ELLE_DECO_2_10171-37,16
WP_ELLE_DECO_2_10191-02,1
WP_ELLE_DECO_2_10191-15,20
WP_ELLE_DECO_2_10191-31,25
WP_ELLE_DECO_2_10195-02,9
WP_ELLE_DECO_2_10195-10,21
WP_ELLE_DECO_2_10195-15,8
WP_ELLE_DECO_2_10195-18,7
WP_ELLE_DECO_2_10202-07,9
WP_ELLE_DECO_2_10202-10_,13
WP_ELLE_DECO_2_10202-15_,0
WP_ELLE_DECO_2_10202-18,0
WP_ELLE_DECO_2_10204-14,0
WP_ELLE_DECO_2_10204-15,12
WP_ELLE_DECO_2_10204-18,6
WP_ELLE_DECO_2_10204-31,7
WP_ELLE_DECO_2_10207-02,8
WP_ELLE_DECO_2_10207-05,2
WP_ELLE_DECO_2_10207-08,3
WP_ELLE_DECO_2_10207-31,14
WP_ELLE_DECO_2_SAMPLE_10171-02_,1
WP_ELLE_DECO_2_SAMPLE_10171-10,1
WP_ELLE_DECO_2_SAMPLE_10171-19,1
WP_ELLE_DECO_2_SAMPLE_10171-30,1
WP_ELLE_DECO_2_SAMPLE_10191-15,1
WP_ELLE_DECO_2_SAMPLE_10202-07,1
WP_ELLE_DECO_2_SAMPLE_10202-15_,1
WP_ELLE_DECO_2_SAMPLE_10202-18,1
WP_ELLE_DECO_2_SAMPLE_10204-15,1
WP_ELLE_DECO_2_SAMPLE_10204-18,1
WP_ELLE_DECO_2_SAMPLE_10204-31,1
WP_ELLE_DECO_2_SAMPLE_10207-02,1
WP_ELLE_DECO_2_SAMPLE_10207-08,1
WP_ENERGY_91916,10
WP_ENERGY_91916_SAMPLE,10
WP_ENERGY_91917,11
WP_ENERGY_91917_SAMPLE,11
WP_ENERGY_91919,12
WP_ENERGY_91919_SAMPLE,12
WP_ENERGY_91920,11
WP_ENERGY_91920_SAMPLE,11
WP_ENERGY_91922,12
WP_ENERGY_91922_SAMPLE,12
WP_ENERGY_91927,7
WP_ENERGY_91927_SAMPLE,7
WP_ENERGY_91928,18
WP_ENERGY_91928_SAMPLE,18
WP_ENERGY_91929,12
WP_ENERGY_91929_SAMPLE,12
WP_ENERGY_91930,24
WP_ENERGY_91930_SAMPLE,24
WP_ENERGY_91931,12
WP_ENERGY_91931_SAMPLE,12
WP_ENERGY_91932,6
WP_ENERGY_91932_SAMPLE,6
WP_ENERGY_91933,9
WP_ENERGY_91933_SAMPLE,9
WP_ENERGY_91934,2
WP_ENERGY_91934_SAMPLE,2
WP_ENERGY_91936,27
WP_ENERGY_91936_SAMPLE,27
WP_ENERGY_91938,1
WP_ENERGY_91938_SAMPLE,1
WP_ENERGY_91941,21
WP_ENERGY_91941_SAMPLE,21
WP_ENERGY_91945,14
WP_ENERGY_91945_SAMPLE,14
WP_ENERGY_91946,8
WP_ENERGY_91946_SAMPLE,8
WP_ENERGY_91948,11
WP_ENERGY_91948_SAMPLE,11
WP_ENERGY_91949,6
WP_ENERGY_91949_SAMPLE,6
WP_ENERGY_91951,40
WP_ENERGY_91951_SAMPLE,40
WP_ENERGY_91952,11
WP_ENERGY_91952_SAMPLE,11
WP_ENERGY_91954,11
WP_ENERGY_91954_SAMPLE,11
WP_ENERGY_91955,4
WP_ENERGY_91955_SAMPLE,4
WP_ENERGY_91956,6
WP_ENERGY_91956_SAMPLE,6
WP_ENERGY_91957,18
WP_ENERGY_91957_SAMPLE,18
WP_ENERGY_91958,18
WP_ENERGY_91958_SAMPLE,18
WP_ENERGY_91959,5
WP_ENERGY_91959_SAMPLE,5
WP_ENERGY_91960,12
WP_ENERGY_91960_SAMPLE,12
WP_ENERGY_91962,10
WP_ENERGY_91962_SAMPLE,10
WP_ENERGY_91964,5
WP_ENERGY_91964_SAMPLE,5
WP_ENERGY_91965,4
WP_ENERGY_91965_SAMPLE,4
WP_ENERGY_91966,3
WP_ENERGY_91966_SAMPLE,3
WP_ENERGY_91967,11
WP_ENERGY_91967_SAMPLE,11
WP_ENERGY_91968,6
WP_ENERGY_91968_SAMPLE,6
WP_ENERGY_91969,6
WP_ENERGY_91969_SAMPLE,6
WP_ENERGY_91970,8
WP_ENERGY_91970_SAMPLE,8
WP_ENERGY_91971,12
WP_ENERGY_91971_SAMPLE,12
WP_ENERGY_91972,4
WP_ENERGY_91972_SAMPLE,4
WP_ENERGY_91973,6
WP_ENERGY_91973_SAMPLE,6
WP_ENERGY_91974,6
WP_ENERGY_91974_SAMPLE,6
WP_ENERGY_91975,9
WP_ENERGY_91975_SAMPLE,9
WP_ENERGY_91976,6
WP_ENERGY_91976_SAMPLE,6
WP_ENERGY_91977,6
WP_ENERGY_91977_SAMPLE,6
WP_ENERGY_91978,3
WP_ENERGY_91978_SAMPLE,3
WP_ENERGY_91979,12
WP_ENERGY_91979_SAMPLE,12
WP_ENERGY_91980,3
WP_ENERGY_91980_SAMPLE,3
WP_ENERGY_91981,15
WP_ENERGY_91981_SAMPLE,15
WP_ENERGY_91983,6
WP_ENERGY_91983_SAMPLE,6
WP_ENERGY_91984,2
WP_ENERGY_91984_SAMPLE,2
WP_ENERGY_91985,6
WP_ENERGY_91985_SAMPLE,6
WP_ESPRIT_8_332356,7
WP_FLOCK_255433,27
WP_FLOCK_255457,23
WP_FLOCK_256027,15
WP_FLOCK_256058,24
WP_FLOCK_256065,24
WP_FLOCK_256072,24
WP_FLOCK_256096,20
WP_FLOURISH_AB27612,1
WP_FLOURISH_AB27614,4
WP_FLOURISH_AB27615,1
WP_FLOURISH_AB27655,0
WP_FLOURISH_AB27656,1
WP_FLOURISH_AB27659,7
WP_FLOURISH_AB27661,0
WP_FLOURISH_AB27662,4
WP_FLOURISH_AB42413,1
WP_FLOURISH_AB42417,0
WP_FLOURISH_AB42418,3
WP_FLOURISH_AB42424,4
WP_FLOURISH_AB42427,12
WP_FLOURISH_AB42442,0
WP_FLOURISH_AB42443,3
WP_FLOURISH_AB42445,2
WP_FLOURISH_AB42446,6
WP_FLOURISH_AF37700,1
WP_FLOURISH_AF37701,5
WP_FLOURISH_AF37702,4
WP_FLOURISH_AF37703,3
WP_FLOURISH_AF37704,4
WP_FLOURISH_AF37705,3
WP_FLOURISH_AF37706,6
WP_FLOURISH_AF37707,5
WP_FLOURISH_AF37708,15
WP_FLOURISH_AF37709,1
WP_FLOURISH_AF37710,2
WP_FLOURISH_AF37712,9
WP_FLOURISH_AF37714,2
WP_FLOURISH_AF37715,0
WP_FLOURISH_AF37716,3
WP_FLOURISH_AF37717,1
WP_FLOURISH_AF37718,3
WP_FLOURISH_AF37719,10
WP_FLOURISH_AF37721,4
WP_FLOURISH_AF37722,7
WP_FLOURISH_AF37723,5
WP_FLOURISH_AF37724,14
WP_FLOURISH_AF37726,3
WP_FLOURISH_AF37727,5
WP_FLOURISH_AF37730,6
WP_FLOURISH_AF37731,2
WP_FLOURISH_AF37732,0
WP_FLOURISH_AF37733,4
WP_FLOURISH_AF37734,2
WP_FLOURISH_AF37736,1
WP_FLOURISH_AF37737,9
WP_FLOURISH_AF37738,9
WP_FLOURISH_AF37739,5
WP_FLOURISH_AF37740,5
WP_FLOURISH_AF37741,3
WP_FLOURISH_AF37742,4
WP_FLOURISH_AF37743,4
WP_FLOURISH_AF37746,8
WP_FLOURISH_AF37747,1
WP_FLOURISH_AF37748,2
WP_FLOURISH_SAMPLE_AB42442,1
WP_FLOURISH_SAMPLE_AB42443,1
WP_FLOURISH_SAMPLE_AF37700,1
WP_FLOURISH_SAMPLE_AF37701,1
WP_FLOURISH_SAMPLE_AF37724,1
WP_FLOURISH_SAMPLE_AF37727,1
WP_FLOURISH_SAMPLE_AF37728,1
WP_FRESH_WATERCOLORS_FW36800,11
WP_FRESH_WATERCOLORS_FW36802,5
WP_FRESH_WATERCOLORS_FW36803,2
WP_FRESH_WATERCOLORS_FW36805,2
WP_FRESH_WATERCOLORS_FW36806,13
WP_FRESH_WATERCOLORS_FW36807,3
WP_FRESH_WATERCOLORS_FW36808,1
WP_FRESH_WATERCOLORS_FW36809,1
WP_FRESH_WATERCOLORS_FW36811,2
WP_FRESH_WATERCOLORS_FW36812,5
WP_FRESH_WATERCOLORS_FW36813,4
WP_FRESH_WATERCOLORS_FW36815,6
WP_FRESH_WATERCOLORS_FW36816,6
WP_FRESH_WATERCOLORS_FW36817,4
WP_FRESH_WATERCOLORS_FW36819,4
WP_FRESH_WATERCOLORS_FW36821,2
WP_FRESH_WATERCOLORS_FW36822,3
WP_FRESH_WATERCOLORS_FW36823,7
WP_FRESH_WATERCOLORS_FW36830,6
WP_FRESH_WATERCOLORS_FW36831,3
WP_FRESH_WATERCOLORS_FW36832,1
WP_FRESH_WATERCOLORS_FW36833,5
WP_FRESH_WATERCOLORS_FW36834,7
WP_FRESH_WATERCOLORS_FW36836,5
WP_FRESH_WATERCOLORS_FW36838,1
WP_FRESH_WATERCOLORS_FW36839,7
WP_FRESH_WATERCOLORS_FW36840,1
WP_FRESH_WATERCOLORS_FW36841,6
WP_FRESH_WATERCOLORS_FW36842,6
WP_FRESH_WATERCOLORS_FW36845,0
WP_FRESH_WATERCOLORS_FW36846,1
WP_FRESH_WATERCOLORS_FW36848,6
WP_FRESH_WATERCOLORS_FW36849,6
WP_FRESH_WATERCOLORS_FW36850,6
WP_FRESH_WATERCOLORS_FW36851,6
WP_FRESH_WATERCOLORS_FW36853,3
WP_FRESH_WATERCOLORS_FW36854,4
WP_FRESH_WATERCOLORS_FW36855,6
WP_FRESH_WATERCOLORS_FW36856,2
WP_FRESH_WATERCOLORS_FW36857,2
WP_FRESH_WATERCOLORS_FW36858,5
WP_FRESH_WATERCOLORS_FW36859,3
WP_FRESH_WATERCOLORS_FW36860,5
WP_FRESH_WATERCOLORS_FW36862,7
WP_FRESH_WATERCOLORS_SAMPLE_FW36806,1
WP_FRESH_WATERCOLORS_SAMPLE_FW36811,1
WP_FRESH_WATERCOLORS_SAMPLE_FW36823,1
WP_FRESH_WATERCOLORS_SAMPLE_FW36829,1
WP_FRESH_WATERCOLORS_SAMPLE_FW36830,1
WP_FRESH_WATERCOLORS_SAMPLE_FW36834,1
WP_FRESH_WATERCOLORS_SAMPLE_FW36854,1
WP_Farmhouse_Living_FH37501,6
WP_Farmhouse_Living_FH37502,1
WP_Farmhouse_Living_FH37503,16
WP_Farmhouse_Living_FH37504,6
WP_Farmhouse_Living_FH37505,4
WP_Farmhouse_Living_FH37506,8
WP_Farmhouse_Living_FH37507,3
WP_Farmhouse_Living_FH37508,1
WP_Farmhouse_Living_FH37510,1
WP_Farmhouse_Living_FH37512,5
WP_Farmhouse_Living_FH37513,9
WP_Farmhouse_Living_FH37514,7
WP_Farmhouse_Living_FH37516,2
WP_Farmhouse_Living_FH37517,8
WP_Farmhouse_Living_FH37518,2
WP_Farmhouse_Living_FH37519,8
WP_Farmhouse_Living_FH37520,8
WP_Farmhouse_Living_FH37521,4
WP_Farmhouse_Living_FH37522,2
WP_Farmhouse_Living_FH37523,4
WP_Farmhouse_Living_FH37524,8
WP_Farmhouse_Living_FH37525,8
WP_Farmhouse_Living_FH37526,2
WP_Farmhouse_Living_FH37527,4
WP_Farmhouse_Living_FH37528,6
WP_Farmhouse_Living_FH37529,3
WP_Farmhouse_Living_FH37530,33
WP_Farmhouse_Living_FH37531,5
WP_Farmhouse_Living_FH37532,0
WP_Farmhouse_Living_FH37533,12
WP_Farmhouse_Living_FH37534,9
WP_Farmhouse_Living_FH37535,9
WP_Farmhouse_Living_FH37536,7
WP_Farmhouse_Living_FH37537,1
WP_Farmhouse_Living_FH37538,0
WP_Farmhouse_Living_FH37539,1
WP_Farmhouse_Living_FH37540,0
WP_Farmhouse_Living_FH37541,0
WP_Farmhouse_Living_FH37542,4
WP_Farmhouse_Living_FH37543,0
WP_Farmhouse_Living_FH37544,8
WP_Farmhouse_Living_FH37545,9
WP_Farmhouse_Living_FH37546,6
WP_Farmhouse_Living_FH37547,3
WP_Farmhouse_Living_FH37548,3
WP_Farmhouse_Living_FH37549,1
WP_Farmhouse_Living_FH37550,1
WP_Farmhouse_Living_FH37551,3
WP_Farmhouse_Living_FH37552,2
WP_Farmhouse_Living_FH37553,4
WP_Farmhouse_Living_FH37554,6
WP_Farmhouse_Living_FH37555,6
WP_Farmhouse_Living_FH37556,2
WP_Farmhouse_Living_FH37557,1
WP_Farmhouse_Living_FH37558,0
WP_Farmhouse_Living_FH37559,2
WP_Farmhouse_Living_FH37560,4
WP_Farmhouse_Living_FH37561,6
WP_Farmhouse_Living_SAMPLE_FH37502,1
WP_Farmhouse_Living_SAMPLE_FH37503,1
WP_Farmhouse_Living_SAMPLE_FH37505,1
WP_Farmhouse_Living_SAMPLE_FH37506,1
WP_Farmhouse_Living_SAMPLE_FH37510,1
WP_Farmhouse_Living_SAMPLE_FH37511,1
WP_Farmhouse_Living_SAMPLE_FH37516,1
WP_Farmhouse_Living_SAMPLE_FH37518,1
WP_Farmhouse_Living_SAMPLE_FH37519,1
WP_Farmhouse_Living_SAMPLE_FH37520,1
WP_Farmhouse_Living_SAMPLE_FH37521,1
WP_Farmhouse_Living_SAMPLE_FH37527,1
WP_Farmhouse_Living_SAMPLE_FH37532,1
WP_Farmhouse_Living_SAMPLE_FH37533,1
WP_Farmhouse_Living_SAMPLE_FH37537,1
WP_Farmhouse_Living_SAMPLE_FH37538,1
WP_Farmhouse_Living_SAMPLE_FH37540,1
WP_Farmhouse_Living_SAMPLE_FH37541,1
WP_Farmhouse_Living_SAMPLE_FH37542,1
WP_Farmhouse_Living_SAMPLE_FH37543,1
WP_Farmhouse_Living_SAMPLE_FH37544,1
WP_Farmhouse_Living_SAMPLE_FH37545,1
WP_Farmhouse_Living_SAMPLE_FH37546,1
WP_Farmhouse_Living_SAMPLE_FH37548,1
WP_Farmhouse_Living_SAMPLE_FH37553,1
WP_Farmhouse_Living_SAMPLE_FH37554,1
WP_Farmhouse_Living_SAMPLE_FH37555,1
WP_Farmhouse_Living_SAMPLE_FH37556,1
WP_Farmhouse_Living_SAMPLE_FH37558,1
WP_Fashion_For_Walls_3_1000402,67
WP_Fashion_For_Walls_3_1000414,34
WP_Fashion_For_Walls_3_1000415,71
WP_Fashion_For_Walls_3_1000419,14
WP_Fashion_For_Walls_3_1000425,46
WP_Fashion_For_Walls_3_1000426,35
WP_Fashion_For_Walls_3_1000430,32
WP_Fashion_For_Walls_3_1000431,54
WP_Fashion_For_Walls_3_1000437,40
WP_Fashion_For_Walls_3_1000438,1
WP_Fashion_For_Walls_3_1000447,38
WP_Fashion_For_Walls_3_1002801,19
WP_Fashion_For_Walls_3_1002802,3
WP_Fashion_For_Walls_3_1002810,40
WP_Fashion_For_Walls_3_1002814,3
WP_Fashion_For_Walls_3_1002815,15
WP_Fashion_For_Walls_3_1002819,11
WP_Fashion_For_Walls_3_1002829,17
WP_Fashion_For_Walls_3_1002830,0
WP_Fashion_For_Walls_3_1002831,13
WP_Fashion_For_Walls_3_1002838,21
WP_Fashion_For_Walls_3_1002845,17
WP_Fashion_For_Walls_3_1021610,18
WP_Fashion_For_Walls_3_1021615,3
WP_Fashion_For_Walls_3_1021619,10
WP_Fashion_For_Walls_3_1021631,12
WP_Fashion_For_Walls_3_1021645,42
WP_Fashion_For_Walls_3_1021810,9
WP_Fashion_For_Walls_3_1021815,6
WP_Fashion_For_Walls_3_1021819,18
WP_Fashion_For_Walls_3_1021831,22
WP_Fashion_For_Walls_3_1021837,18
WP_Fashion_For_Walls_3_1021901,15
WP_Fashion_For_Walls_3_1021919,20
WP_Fashion_For_Walls_3_1021920,2
WP_Fashion_For_Walls_3_1021929,14
WP_Fashion_For_Walls_3_1021931,14
WP_Fashion_For_Walls_3_1021938,4
WP_Fashion_For_Walls_3_1022014,21
WP_Fashion_For_Walls_3_1022015,25
WP_Fashion_For_Walls_3_1022030,4
WP_Fashion_For_Walls_3_1022031,8
WP_Fashion_For_Walls_3_1022115,8
WP_Fashion_For_Walls_3_1022119,9
WP_Fashion_For_Walls_3_1022131,10
WP_Fashion_For_Walls_3_1022137,4
WP_Fashion_For_Walls_3_1022214,14
WP_Fashion_For_Walls_3_1022215,18
WP_Fashion_For_Walls_3_1022220,9
WP_Fashion_For_Walls_3_1022231,18
WP_Fashion_For_Walls_3_1022243,21
WP_Fashion_For_Walls_3_SAMPLE_1000402,1
WP_Fashion_For_Walls_3_SAMPLE_1000415,1
WP_Fashion_For_Walls_3_SAMPLE_1000437,1
WP_Fashion_For_Walls_3_SAMPLE_1002810,1
WP_Fashion_For_Walls_3_SAMPLE_1002819,1
WP_Fashion_For_Walls_3_SAMPLE_1021619,1
WP_Fashion_For_Walls_3_SAMPLE_1021815,1
WP_Fashion_For_Walls_3_SAMPLE_1021819,1
WP_Fashion_For_Walls_3_SAMPLE_1021831,1
WP_Fashion_For_Walls_3_SAMPLE_1021919,1
WP_Fashion_For_Walls_3_SAMPLE_1021920,1
WP_Fashion_For_Walls_3_SAMPLE_1021929,1
WP_Fashion_For_Walls_3_SAMPLE_1021938,1
WP_Fashion_For_Walls_3_SAMPLE_1022115,1
WP_Fashion_For_Walls_3_SAMPLE_1022119,1
WP_Fashion_For_Walls_3_SAMPLE_1022131,1
WP_Fashion_For_Walls_3_SAMPLE_1022215,1
WP_GALERIA_53_884213,12
WP_GALERIA_53_884329,12
WP_GALERIA_53_884350,7
WP_GALERIA_53_884398,11
WP_GALERIA_53_921628,9
WP_GOODWOOD_JC10021,209
WP_GOODWOOD_JC10023,228
WP_GOODWOOD_JC10024,153
WP_GOODWOOD_JC10032,196
WP_GOODWOOD_JC10035,19
WP_GOODWOOD_JC10036,73
WP_GOODWOOD_JC10042,4
WP_GOODWOOD_JC10043,4
WP_GOODWOOD_JC10051,9
WP_GOODWOOD_JC10052,19
WP_GOODWOOD_JC10054,10
WP_GOODWOOD_JC10062,20
WP_GOODWOOD_JC10071,160
WP_GOODWOOD_JC10072,228
WP_GOODWOOD_JC10073,218
WP_GOODWOOD_JC10074,174
WP_GOODWOOD_JC10077,122
WP_GOODWOOD_JC10078,249
WP_GOODWOOD_JC10083,14
WP_GOODWOOD_JC10085,12
WP_GOODWOOD_SAMPLE_JC10023,0
WP_GOODWOOD_SAMPLE_JC10036,1
WP_GOODWOOD_SAMPLE_JC10042,1
WP_GOODWOOD_SAMPLE_JC10074,1
WP_GOODWOOD_SAMPLE_JC10077,1
WP_GOODWOOD_SAMPLE_JC10078,1
WP_GRACE_5744_01,11
WP_GRACE_5744_02,6
WP_GRACE_5744_05,12
WP_GRACE_5744_06,15
WP_GRACE_5744_08,12
WP_GRACE_5744_09,7
WP_GRACE_5744_10,8
WP_GRACE_5744_11,14
WP_GRACE_5744_15,8
WP_GRACE_5744_37,13
WP_GRACE_5744_45,20
WP_GRACE_5744_47,11
WP_GRACE_5744_48,10
WP_GRACE_5746_02,7
WP_GRACE_5746_04,9
WP_GRACE_5746_18,4
WP_GRACE_5746_45,9
WP_GRACE_5747_02,14
WP_GRACE_5747_08,3
WP_GRACE_5747_45,14
WP_GRACE_5749_02,10
WP_GRACE_5749_18,10
WP_GRACE_5749_37,12
WP_GRACE_5749_47,15
WP_GRACE_6758_06,10
WP_GRACE_6758_08,9
WP_GRACE_6758_11,7
WP_GRACE_6758_15,11
WP_GRACE_6758_37,16
WP_Geometrix_GX37600,2
WP_Geometrix_GX37601,14
WP_Geometrix_GX37602,2
WP_Geometrix_GX37603,1
WP_Geometrix_GX37604,4
WP_Geometrix_GX37606,1
WP_Geometrix_GX37608,6
WP_Geometrix_GX37609,1
WP_Geometrix_GX37610,1
WP_Geometrix_GX37611,5
WP_Geometrix_GX37612,10
WP_Geometrix_GX37613,1
WP_Geometrix_GX37614,1
WP_Geometrix_GX37617,9
WP_Geometrix_GX37618,4
WP_Geometrix_GX37619,6
WP_Geometrix_GX37620,4
WP_Geometrix_GX37621,1
WP_Geometrix_GX37622,5
WP_Geometrix_GX37623,9
WP_Geometrix_GX37624,1
WP_Geometrix_GX37625,1
WP_Geometrix_GX37626,3
WP_Geometrix_GX37627,4
WP_Geometrix_GX37628,5
WP_Geometrix_GX37629,5
WP_Geometrix_GX37630,3
WP_Geometrix_GX37631,3
WP_Geometrix_GX37632,5
WP_Geometrix_GX37633,5
WP_Geometrix_GX37635,3
WP_Geometrix_GX37636,4
WP_Geometrix_GX37637,7
WP_Geometrix_GX37638,0
WP_Geometrix_GX37639,0
WP_Geometrix_GX37640,5
WP_Geometrix_GX37641,8
WP_Geometrix_GX37642,5
WP_Geometrix_GX37643,3
WP_Geometrix_GX37644,5
WP_Geometrix_GX37645,6
WP_Geometrix_GX37646,4
WP_Geometrix_GX37647,10
WP_Geometrix_GX37648,8
WP_Geometrix_GX37649,8
WP_Geometrix_GX37653,3
WP_Geometrix_GX37654,4
WP_Geometrix_GX37657,2
WP_Geometrix_GX37659,2
WP_Geometrix_GX37660,0
WP_Geometrix_GX37661,8
WP_Geometrix_SAMPLE_GX37601,1
WP_Geometrix_SAMPLE_GX37611,1
WP_Geometrix_SAMPLE_GX37612,1
WP_Geometrix_SAMPLE_GX37617,1
WP_Geometrix_SAMPLE_GX37619,1
WP_Geometrix_SAMPLE_GX37623,1
WP_Geometrix_SAMPLE_GX37632,1
WP_Geometrix_SAMPLE_GX37637,1
WP_Geometrix_SAMPLE_GX37638,1
WP_Geometrix_SAMPLE_GX37647,1
WP_Geometrix_SAMPLE_GX37649,1
WP_Geometrix_SAMPLE_GX37654,1
WP_METROSTORIES3_388161,10
WP_METROSTORIES3_388162,10
WP_METROSTORIES3_388163,6
WP_METROSTORIES3_388281,48
WP_METROSTORIES3_388282,13
WP_METROSTORIES3_388283,11
WP_METROSTORIES3_388284,11
WP_METROSTORIES3_388285,10
WP_METROSTORIES3_391041,12
WP_METROSTORIES3_391042,1
WP_METROSTORIES3_391051,2
WP_METROSTORIES3_391052,6
WP_METROSTORIES3_391053,9
WP_METROSTORIES3_391054,9
WP_METROSTORIES3_391055,3
WP_METROSTORIES3_391101,8
WP_METROSTORIES3_391102,12
WP_METROSTORIES3_391103,31
WP_METROSTORIES3_391104,18
WP_METROSTORIES3_391104_SAMPLE,0
WP_METROSTORIES3_391121,7
WP_METROSTORIES3_391122,8
WP_METROSTORIES3_391123,3
WP_METROSTORIES3_391124,3
WP_METROSTORIES3_391125,1
WP_METROSTORIES3_391172,0
WP_METROSTORIES3_391181,1
WP_METROSTORIES3_391182,12
WP_METROSTORIES3_391183,14
WP_METROSTORIES3_391184,6
WP_METROSTORIES3_391193,6
WP_METROSTORIES3_391194,7
WP_METROSTORIES3_391195,9
WP_METROSTORIES3_391202,9
WP_METROSTORIES3_391204,6
WP_METROSTORIES3_391282,1
WP_METROSTORIES3_391294,0
WP_METROSTORIES3_391771,12
WP_METROSTORIES3_391772,17
WP_METROSTORIES3_391773,1
WP_METROSTORIES3_391774,6
WP_METROSTORIES3_391775,23
WP_METROSTORIES3_392161,12
WP_METROSTORIES3_392165,9
WP_METROSTORIES3_392172,12
WP_METROSTORIES3_392183,0
WP_METROSTORIES3_392185,4
WP_METROSTORIES3_392222,5
WP_METROSTORIES3_392223,1
WP_METROSTORIES3_392224,1
WP_METROSTORIES3_392236,6
WP_METROSTORIES3_392237,6
WP_METROSTORIES3_392666,3
WP_METROSTORIES3_392668,3
WP_METROSTORIES3_392669,9
WP_METROSTORIES3_392671,2
WP_SHADES_BW28700,10
WP_SHADES_BW28703,4
WP_SHADES_BW28723,10
WP_SHADES_BW28736,4
WP_SHADES_BW28737,5
WP_SHADES_BW28748,3
WP_SHADES_BW28749,3
WP_SHADES_BW28750,7
WP_SHADES_BW28751,1
WP_SHADES_HB25872,6
WP_SHADES_SH34500,9
WP_SHADES_SH34504,4
WP_SHADES_SH34508,9
WP_SHADES_SH34509,6
WP_SHADES_SH34511,6
WP_SHADES_SH34512,2
WP_SHADES_SH34513,6
WP_SHADES_SH34514,6
WP_SHADES_SH34515,3
WP_SHADES_SH34516,8
WP_SHADES_SH34517,12
WP_SHADES_SH34518,6
WP_SHADES_SH34519,7
WP_SHADES_SH34521,1
WP_SHADES_SH34523,11
WP_SHADES_SH34524,6
WP_SHADES_SH34525,13
WP_SHADES_SH34530,4
WP_SHADES_SH34531,4
WP_SHADES_SH34532,6
WP_SHADES_SH34533,15
WP_SHADES_SH34546,4
WP_SHADES_SH34548,9
WP_SHADES_SH34549,6
WP_SHADES_SH34550,7
WP_SHADES_SH34552,8
WP_SHADES_SH34553,14
WP_SHADES_SH34554,3
WP_SHADES_TS28131,6
WP_SHADES_TU27087,6
WP_SHADES_TU27088,10
WP_SHADES_TU27102,2
WP_SHADES_TU27103,9
WP_SHADES_TU27124,5
WP_SHADES_TU27126,19
WP_SHADES_TU27128,8
WP_SHADES_TU27129,6
WP_SHADES_VG26227P,9
WP_SHADES_VG26230P,7
WP_SHADES_VG26236P,3
WP_SHADES_VG26237P,4
WP_Simply_Silks_3_SK12814,7
WP_Simply_Silks_3_SK34702,8
WP_Simply_Silks_3_SK34703,3
WP_Simply_Silks_3_SK34709,2
WP_Simply_Silks_3_SK34718,9
WP_Simply_Silks_3_SK34730,10
WP_Simply_Silks_3_SK34733,1
WP_Simply_Silks_3_SK34743,2
WP_Simply_Silks_3_SK34748,9
WP_Simply_Silks_3_SK34758,2
WP_Simply_Silks_3_SK34760,5
WP_Simply_Silks_3_SK34761,6
WP_Simply_Silks_3_SK34762,22
WP_Simply_Silks_3_SK34767,6
WP_Simply_Silks_3_SK34768,1
WP_Simply_Silks_3_SK34770,16
WP_Simply_Silks_3_SK34771,9
WP_Simply_Silks_3_SL27501,4
WP_Simply_Silks_3_SL27509,2
WP_Simply_Silks_3_SL27535,3
WP_Simply_Silks_3_ST25205,2
WP_TEXTURE_STYLE2_BG21536,8
WP_TEXTURE_STYLE2_CH28255,0
WP_TEXTURE_STYLE2_CH28319,8
WP_TEXTURE_STYLE2_FT23498,1
WP_TEXTURE_STYLE2_HB25879,14
WP_TEXTURE_STYLE2_KB10915,7
WP_TEXTURE_STYLE2_LL29502,6
WP_TEXTURE_STYLE2_TE29306,1
WP_TEXTURE_STYLE2_TE29312,5
WP_TEXTURE_STYLE2_TE29313,13
WP_TEXTURE_STYLE2_TE29317,10
WP_TEXTURE_STYLE2_TE29327,4
WP_TEXTURE_STYLE2_TE29333,1
WP_TEXTURE_STYLE2_TE29340,8
WP_TEXTURE_STYLE2_TE29344,2
WP_TEXTURE_STYLE2_TE29362,10
WP_TEXTURE_STYLE2_TE29369,2
WP_TEXTURE_STYLE2_TE29371,5
WP_TEXTURE_STYLE2_TX13223,11
WP_TEXTURE_STYLE2_TX34802,3
WP_TEXTURE_STYLE2_TX34803,1
WP_TEXTURE_STYLE2_TX34804,4
WP_TEXTURE_STYLE2_TX34805,2
WP_TEXTURE_STYLE2_TX34806,8
WP_TEXTURE_STYLE2_TX34807,11
WP_TEXTURE_STYLE2_TX34808,2
WP_TEXTURE_STYLE2_TX34809,35
WP_TEXTURE_STYLE2_TX34810,3
WP_TEXTURE_STYLE2_TX34811,6
WP_TEXTURE_STYLE2_TX34812,10
WP_TEXTURE_STYLE2_TX34813,18
WP_TEXTURE_STYLE2_TX34815,6
WP_TEXTURE_STYLE2_TX34816,14
WP_TEXTURE_STYLE2_TX34818,7
WP_TEXTURE_STYLE2_TX34819,6
WP_TEXTURE_STYLE2_TX34820,7
WP_TEXTURE_STYLE2_TX34821,3
WP_TEXTURE_STYLE2_TX34822,8
WP_TEXTURE_STYLE2_TX34823,5
WP_TEXTURE_STYLE2_TX34824,7
WP_TEXTURE_STYLE2_TX34825,2
WP_TEXTURE_STYLE2_TX34826,11
WP_TEXTURE_STYLE2_TX34827,2
WP_TEXTURE_STYLE2_TX34828,7
WP_TEXTURE_STYLE2_TX34829,5
WP_TEXTURE_STYLE2_TX34830,3
WP_TEXTURE_STYLE2_TX34831,9
WP_TEXTURE_STYLE2_TX34833,16
WP_TEXTURE_STYLE2_TX34834,3
WP_TEXTURE_STYLE2_TX34836,11
WP_TEXTURE_STYLE2_TX34837,5
WP_TEXTURE_STYLE2_TX34838,8
WP_TEXTURE_STYLE2_TX34839,3
WP_TEXTURE_STYLE2_TX34840,5
WP_TEXTURE_STYLE2_TX34841,13
WP_TEXTURE_STYLE2_TX34842,6
WP_TEXTURE_STYLE2_TX34843,19
WP_TEXTURE_STYLE2_TX34844,5
WP_TEXTURE_STYLE2_TX34845,7
WP_TEXTURE_STYLE2_TX34846,8
WP_TEXTURE_STYLE2_TX34847,11
WP_TEXTURE_STYLE2_ZN28061,2
