sku,quantity
001BF_6,493
001GF_6,199
001OB_6,20
002BS_6,11
009CB_6,25
077GM_6,5
149TO_6,21
242PP_6,193
245WB_1,1413
563WB,345
563WB_1,345
563WB_10,345
564PP,601
564PP_1,601
564PP_10,601
564PP_6,601
564PP_8,601
565CW,357
565CW_1,357
565CW_10,357
565CW_6,357
565CW_8,357
566CY,217
566CY_1,217
566CY_10,217
566CY_6,217
566CY_8,217
569BC,616
570TG,10863
570TG_1,10863
571OG,2239
571OG_1,2239
571OG_10,2239
571OG_6,2239
571OG_8,2239
572OR,1901
572OR_1,1901
572OR_10,1901
573SG,3243
573SG_1,3243
573SG_10,3243
573SG_6,3243
573SG_8,3243
CO100-02,163
CO100-04,721
CO100-10,111
CO100-109,271
CO100-11,2275
CO100-115,162
CO100-17,41
CO100-26,1153
CO600-02,791
CO600-04,1061
CO600-11,340
CO600-115,417
CO810-10,251
CO810-11,150
CO810-115,275
CO810-26,13
CO900-10,536
CO900-115,39
CO900-58,339
CO900-70,289
COA1420,2539
COA1422,1099
COA1510,321
COA1520,404
COA1522,216
COA1526,171
COS-032,10
COS-041,10
EHD_WP_AISSLINGER_95584-3,12
KT77918DC,0
WP_AIR_95013,10
WP_AIR_95013_SAMPLE,10
WP_AIR_95014,14
WP_AIR_95014_SAMPLE,14
WP_AIR_95015,0
WP_AIR_95015_SAMPLE,0
WP_AIR_95016,17
WP_AIR_95016_SAMPLE,17
WP_AIR_95017,19
WP_AIR_95017_SAMPLE,19
WP_AIR_95019,23
WP_AIR_95019_SAMPLE,23
WP_AIR_95020,9
WP_AIR_95020_SAMPLE,9
WP_AIR_95021,6
WP_AIR_95021_SAMPLE,6
WP_AIR_95022,8
WP_AIR_95022_SAMPLE,8
WP_AIR_95024,63
WP_AIR_95024_SAMPLE,63
WP_AIR_95025,38
WP_AIR_95025_SAMPLE,38
WP_AIR_95026_SAMPLE,26
WP_AIR_95027,10
WP_AIR_95027_SAMPLE,10
WP_AIR_95028,14
WP_AIR_95028_SAMPLE,14
WP_AIR_95029,15
WP_AIR_95029_SAMPLE,15
WP_AIR_95030,4
WP_AIR_95030_SAMPLE,4
WP_AIR_95031,19
WP_AIR_95031_SAMPLE,19
WP_AIR_95032,4
WP_AIR_95032_SAMPLE,4
WP_AIR_95033,36
WP_AIR_95033_SAMPLE,36
WP_AIR_95034,13
WP_AIR_95034_SAMPLE,13
WP_AIR_95035,1
WP_AIR_95035_SAMPLE,1
WP_AIR_95036,6
WP_AIR_95036_SAMPLE,6
WP_AIR_95037,11
WP_AIR_95037_SAMPLE,11
WP_AIR_95038,11
WP_AIR_95038_SAMPLE,11
WP_AIR_95039,76
WP_AIR_95039_SAMPLE,76
WP_AIR_95040,15
WP_AIR_95040_SAMPLE,15
WP_AIR_95041,23
WP_AIR_95041_SAMPLE,23
WP_AIR_95042,59
WP_AIR_95042_SAMPLE,59
WP_AIR_95043,2
WP_AIR_95043_SAMPLE,2
WP_AIR_95044,8
WP_AIR_95044_SAMPLE,8
WP_AIR_95045,8
WP_AIR_95045_SAMPLE,8
WP_AIR_95046,8
WP_AIR_95046_SAMPLE,8
WP_AIR_95049,13
WP_AIR_95049_SAMPLE,13
WP_AIR_95050,0
WP_AIR_95050_SAMPLE,0
WP_AIR_95051,8
WP_AIR_95051_SAMPLE,8
WP_AIR_95052,13
WP_AIR_95052_SAMPLE,13
WP_AIR_95053,12
WP_AIR_95053_SAMPLE,12
WP_AIR_95054,5
WP_AIR_95054_SAMPLE,5
WP_AIR_95055,10
WP_AIR_95055_SAMPLE,10
WP_AIR_95056,13
WP_AIR_95058,13
WP_AIR_95059,37
WP_AIR_95059_SAMPLE,37
WP_AIR_95062,0
WP_AIR_95062_SAMPLE,0
WP_AIR_95063,8
WP_AIR_95063_SAMPLE,8
WP_AIR_95064,2
WP_AIR_95064_SAMPLE,2
WP_AIR_95065,7
WP_AIR_95065_SAMPLE,7
WP_AIR_95066,3
WP_AIR_95066_SAMPLE,3
WP_AIR_95067,48
WP_AIR_95067_SAMPLE,48
WP_AIR_95068,2
WP_AIR_95068_SAMPLE,2
WP_AIR_95070,7
WP_AIR_95070_SAMPLE,7
WP_AIR_95071,32
WP_AIR_95071_SAMPLE,32
WP_AIR_95072,2
WP_AIR_95072_SAMPLE,2
WP_AIR_95073,18
WP_AIR_95073_SAMPLE,18
WP_AIR_95074,7
WP_AIR_95074_SAMPLE,7
WP_AIR_95075,14
WP_AIR_95075_SAMPLE,14
WP_AIR_95076,1
WP_AIR_95076_SAMPLE,1
WP_AIR_95077,12
WP_AIR_95077_SAMPLE,12
WP_AIR_95078,9
WP_AIR_95078_SAMPLE,9
WP_AIR_95079,7
WP_AIR_95079_SAMPLE,7
WP_AIR_95080,14
WP_AIR_95081,24
WP_AIR_95081_SAMPLE,24
WP_AIR_95082,9
WP_AIR_95082_SAMPLE,9
WP_AIR_95083,8
WP_AIR_95083_SAMPLE,8
WP_AIR_95084,21
WP_AIR_95084_SAMPLE,21
WP_AIR_95085,18
WP_Abbey_Rose_3_AB27617,5
WP_Abbey_Rose_3_AB27636,10
WP_Abbey_Rose_3_AB27642,3
WP_Abbey_Rose_3_AB27658,8
WP_Abbey_Rose_3_AB27666,2
WP_Abbey_Rose_3_AB31062,5
WP_Abbey_Rose_3_AB42401,10
WP_Abbey_Rose_3_AB42402,12
WP_Abbey_Rose_3_AB42405,1
WP_Abbey_Rose_3_AB42407,4
WP_Abbey_Rose_3_AB42420,4
WP_Abbey_Rose_3_AB42422,3
WP_Abbey_Rose_3_AB42423,6
WP_Abbey_Rose_3_AB42425,3
WP_Abbey_Rose_3_AB42426,3
WP_Abbey_Rose_3_AB42430,1
WP_Abbey_Rose_3_AB42431,10
WP_Abbey_Rose_3_AB42433,2
WP_Abbey_Rose_3_AB42436,4
WP_Abbey_Rose_3_AB42438,8
WP_Abbey_Rose_3_AB42439,11
WP_Abbey_Rose_3_AB42440,0
WP_Abbey_Rose_3_AB42444,4
WP_Abbey_Rose_3_BW28705,2
WP_ArtDeco_31304,13
WP_ArtDeco_31306,1
WP_ArtDeco_31307,12
WP_ArtDeco_31308,4
WP_ArtDeco_31311,14
WP_ArtDeco_31313,19
WP_ArtDeco_31314,3
WP_ArtDeco_31315,17
WP_ArtDeco_31316,8
WP_ArtDeco_31318,13
WP_ArtDeco_31320,16
WP_ArtDeco_31321,2
WP_ArtDeco_31325,24
WP_ArtDeco_31327,12
WP_ArtDeco_31328,42
WP_ArtDeco_31332,8
WP_ArtDeco_31334,7
WP_ArtDeco_31335,14
WP_ArtDeco_31337,24
WP_ArtDeco_32201,13
WP_ArtDeco_32202,3
WP_ArtDeco_32203,28
WP_ArtDeco_32204,3
WP_ArtDeco_32205,19
WP_ArtDeco_32221,14
WP_ArtDeco_32222,23
WP_ArtDeco_32223,32
WP_ArtDeco_32224,9
WP_ArtDeco_32225,32
WP_ArtDeco_32226,30
WP_ArtDeco_32227,23
WP_ArtDeco_32252,18
WP_ArtDeco_32253,12
WP_ArtDeco_32254,12
WP_ArtDeco_32255,21
WP_ArtDeco_32256,28
WP_ArtDeco_32258,45
WP_ArtDeco_32263,26
WP_ArtDeco_32264,14
WP_ArtDeco_32265,4
WP_ArtDeco_32266,56
WP_ArtDeco_32267,11
WP_ArtDeco_32268,24
WP_ArtDeco_32277,13
WP_ArtDeco_32279,36
WP_ArtDeco_32280,31
WP_ArtDeco_32282,35
WP_BLACK&WHITE4_106742,8
WP_BLACK&WHITE4_132055,13
WP_BLACK&WHITE4_143112,16
WP_BLACK&WHITE4_143211,25
WP_BLACK&WHITE4_143228,5
WP_BLACK&WHITE4_161314,19
WP_BLACK&WHITE4_179050,26
WP_BLACK&WHITE4_190918,28
WP_BLACK&WHITE4_204042,48
WP_BLACK&WHITE4_206367,8
WP_BLACK&WHITE4_211774,19
WP_BLACK&WHITE4_211798,19
WP_BLACK&WHITE4_230928,19
WP_BLACK&WHITE4_230942,32
WP_BLACK&WHITE4_233110,20
WP_BLACK&WHITE4_240910,15
WP_BLACK&WHITE4_254818,34
WP_BLACK&WHITE4_255426,34
WP_BLACK&WHITE4_255440,49
WP_BLACK&WHITE4_256218,22
WP_BLACK&WHITE4_273727,10
WP_BLACK&WHITE4_282910,21
WP_BLACK&WHITE4_298270,4
WP_BLACK&WHITE4_305265,11
WP_BLACK&WHITE4_305805,12
WP_BLACK&WHITE4_306401,10
WP_BLACK&WHITE4_306891,6
WP_BLACK&WHITE4_322319,11
WP_BLACK&WHITE4_324191,6
WP_BLACK&WHITE4_324401,2
WP_BLACK&WHITE4_326317,4
WP_BLACK&WHITE4_328236,9
WP_BLACK&WHITE4_330321,10
WP_BLACK&WHITE4_341331,10
WP_BLACK&WHITE4_341377,0
WP_BLACK&WHITE4_341381,23
WP_BLACK&WHITE4_342443,8
WP_BLACK&WHITE4_342781,13
WP_BLACK&WHITE4_342784,9
WP_BLACK&WHITE4_344311,14
WP_BLACK&WHITE4_344335,17
WP_BLACK&WHITE4_344981,0
WP_BLACK&WHITE4_346087,24
WP_BLACK&WHITE4_347213,26
WP_BLACK&WHITE4_347711,17
WP_BLACK&WHITE4_347713,13
WP_BLACK&WHITE4_347721,12
WP_BLACK&WHITE4_347722,6
WP_BLACK&WHITE4_347751,86
WP_BLACK&WHITE4_348681,18
WP_BLACK&WHITE4_348691,2
WP_BLACK&WHITE4_349323,12
WP_BLACK&WHITE4_351822,12
WP_BLACK&WHITE4_354241,6
WP_BLACK&WHITE4_355662,9
WP_BLACK&WHITE4_356468,8
WP_BLACK&WHITE4_360814,12
WP_BLACK&WHITE4_360824,9
WP_BLACK&WHITE4_360826,12
WP_BLACK&WHITE4_360833,12
WP_BLACK&WHITE4_360834,12
WP_BLACK&WHITE4_360932,7
WP_BLACK&WHITE4_361661,13
WP_BLACK&WHITE4_361663,41
WP_BLACK&WHITE4_361671,14
WP_BLACK&WHITE4_361673,56
WP_BLACK&WHITE4_361681,14
WP_BLACK&WHITE4_361684,1
WP_BLACK&WHITE4_361688,35
WP_BLACK&WHITE4_361851,12
WP_BLACK&WHITE4_362053,2
WP_BLACK&WHITE4_362631,12
WP_BLACK&WHITE4_362802,7
WP_BLACK&WHITE4_363404,22
WP_BLACK&WHITE4_363771,9
WP_BLACK&WHITE4_363773,5
WP_BLACK&WHITE4_363791,12
WP_BLACK&WHITE4_363951,14
WP_BLACK&WHITE4_364106,7
WP_BLACK&WHITE4_364107,10
WP_BLACK&WHITE4_364501,25
WP_BLACK&WHITE4_364591,14
WP_BLACK&WHITE4_364592,8
WP_BLACK&WHITE4_365741,37
WP_BLACK&WHITE4_365742,13
WP_BLACK&WHITE4_365751,17
WP_BLACK&WHITE4_365754,39
WP_BLACK&WHITE4_366287,7
WP_BLACK&WHITE4_552631,12
WP_BLACK&WHITE4_554338,28
WP_BLACK&WHITE4_647139,9
WP_BLACK&WHITE4_666314,9
WP_BLACK&WHITE4_785527,10
WP_BLACK&WHITE4_881854,22
WP_BLACK&WHITE4_884114,18
WP_BLACK&WHITE4_907882,38
WP_BLACK&WHITE4_935781,20
WP_BLACK&WHITE4_937911,84
WP_BLACK&WHITE4_937922,20
WP_BLACK&WHITE4_939291,29
WP_BLACK&WHITE4_939371,1
WP_BLACK&WHITE4_939431,240
WP_BLACK&WHITE4_943497,22
WP_BLACK&WHITE4_944441,0
WP_BLACK&WHITE4_958111,14
WP_BLACK&WHITE4_960796,9
WP_BLACK&WHITE4_965318,24
WP_BLACK&WHITE4_974330,8
WP_Beaux_Arts_2_BA220011,30
WP_Beaux_Arts_2_BA220012,17
WP_Beaux_Arts_2_BA220013,0
WP_Beaux_Arts_2_BA220014,31
WP_Beaux_Arts_2_BA220015,26
WP_Beaux_Arts_2_BA220021,10
WP_Beaux_Arts_2_BA220022,8
WP_Beaux_Arts_2_BA220023,24
WP_Beaux_Arts_2_BA220024,5
WP_Beaux_Arts_2_BA220031,16
WP_Beaux_Arts_2_BA220032,24
WP_Beaux_Arts_2_BA220033,12
WP_Beaux_Arts_2_BA220034,24
WP_Beaux_Arts_2_BA220035,19
WP_Beaux_Arts_2_BA220036,11
WP_Beaux_Arts_2_BA220037,15
WP_Beaux_Arts_2_BA220038,8
WP_Beaux_Arts_2_BA220041,33
WP_Beaux_Arts_2_BA220042,9
WP_Beaux_Arts_2_BA220043,9
WP_Beaux_Arts_2_BA220044,38
WP_Beaux_Arts_2_BA220045,0
WP_Beaux_Arts_2_BA220046,13
WP_Beaux_Arts_2_BA220051,28
WP_Beaux_Arts_2_BA220052,23
WP_Beaux_Arts_2_BA220053,0
WP_Beaux_Arts_2_BA220054,25
WP_Beaux_Arts_2_BA220055,7
WP_Beaux_Arts_2_BA220056,15
WP_Beaux_Arts_2_BA220061,11
WP_Beaux_Arts_2_BA220062,2
WP_Beaux_Arts_2_BA220063,15
WP_Beaux_Arts_2_BA220064,14
WP_Beaux_Arts_2_BA220065,5
WP_Beaux_Arts_2_BA220066,13
WP_Beaux_Arts_2_BA220071,8
WP_Beaux_Arts_2_BA220072,7
WP_Beaux_Arts_2_BA220073,21
WP_Beaux_Arts_2_BA220074,27
WP_Beaux_Arts_2_BA220075,20
WP_Beaux_Arts_2_BA220076,16
WP_Beaux_Arts_2_BA220077,8
WP_Beaux_Arts_2_BA220081,13
WP_Beaux_Arts_2_BA220082,6
WP_Beaux_Arts_2_BA220083,9
WP_Beaux_Arts_2_BA220084,12
WP_Beaux_Arts_2_BA220085,4
WP_Beaux_Arts_2_BA220086,12
WP_Beaux_Arts_2_BA220092,12
WP_Beaux_Arts_2_BA220093,3
WP_Beaux_Arts_2_BA220094,8
WP_Beaux_Arts_2_BA220095,3
WP_Beaux_Arts_2_BA220101,92
WP_Beaux_Arts_2_BA220102,35
WP_Beaux_Arts_2_BA220103,11
WP_Beaux_Arts_2_BA220104,26
WP_Beaux_Arts_2_BA220105,35
WP_Beaux_Arts_2_BA220106,8
WP_Beaux_Arts_2_BA220107,22
WP_Beaux_Arts_2_BA220108,26
WP_Bestsellers1_116048,19
WP_Bestsellers1_125811,18
WP_Bestsellers1_125835,46
WP_Bestsellers1_221186,5
WP_Bestsellers1_252845,16
WP_Bestsellers1_301775,1
WP_Bestsellers1_304171,10
WP_Bestsellers1_305272,16
WP_Bestsellers1_305531,98
WP_Bestsellers1_306431,28
WP_Bestsellers1_306432,12
WP_Bestsellers1_306433,4
WP_Bestsellers1_306442,5
WP_Bestsellers1_306453,18
WP_Bestsellers1_306462,51
WP_Bestsellers1_306531,10
WP_Bestsellers1_306751,23
WP_Bestsellers1_306752,19
WP_Bestsellers1_306862,12
WP_Bestsellers1_306931,13
WP_Bestsellers1_306932,16
WP_Bestsellers1_306934,20
WP_Bestsellers1_309129,22
WP_Bestsellers1_319953,18
WP_Bestsellers1_319966,12
WP_Bestsellers1_322622,6
WP_Bestsellers1_324627,1
WP_Bestsellers1_327031,16
WP_Bestsellers1_327351,6
WP_Bestsellers1_327352,16
WP_Bestsellers1_327354,3
WP_Bestsellers1_327361,9
WP_Bestsellers1_327363,10
WP_Bestsellers1_327372,14
WP_Bestsellers1_327373,9
WP_Bestsellers1_327374,16
WP_Bestsellers1_328243,14
WP_Bestsellers1_328274,8
WP_Bestsellers1_328281,2
WP_Bestsellers1_328805,9
WP_Bestsellers1_328807,19
WP_Bestsellers1_328811,12
WP_Bestsellers1_328823,17
WP_Bestsellers1_328825,2
WP_Bestsellers1_328828,12
WP_Bestsellers1_328834,11
WP_Bestsellers1_328837,20
WP_Bestsellers1_328839,17
WP_Bestsellers1_329801,13
WP_Bestsellers1_329802,11
WP_Bestsellers1_329803,13
WP_Bestsellers1_329831,27
WP_Bestsellers1_329833,7
WP_Bestsellers1_329863,0
WP_Bestsellers1_329871,2
WP_Bestsellers1_329874,11
WP_Bestsellers1_329895,23
WP_Bestsellers1_329905,14
WP_Bestsellers1_329993,1
WP_Bestsellers1_329994,29
WP_Bestsellers1_329997,1
WP_Bestsellers1_335481,15
WP_Bestsellers1_335482,10
WP_Bestsellers1_336569,11
WP_Bestsellers1_339831,16
WP_Bestsellers1_339832,4
WP_Bestsellers1_339841,10
WP_Bestsellers1_339892,7
WP_Bestsellers1_340622,13
WP_Bestsellers1_340624,21
WP_Bestsellers1_340625,9
WP_Bestsellers1_342401,5
WP_Bestsellers1_342403,9
WP_Bestsellers1_881830,6
WP_Bestsellers1_953721,149
WP_Bestsellers1_953728,20
WP_Bestsellers1_953734,6
WP_Bestsellers1_953741,41
WP_Bestsellers2_5915-11,24
WP_Bestsellers2_5915-37,11
WP_Bestsellers2_5918-11,12
WP_Bestsellers2_5959-10,3
WP_Bestsellers2_5959-38,7
WP_Bestsellers2_5962-10,25
WP_Bestsellers2_5970-38,3
WP_Bestsellers2_5972-10,12
WP_Bestsellers2_5972-38,1
WP_Bestsellers2_5974-38,34
WP_Bestsellers2_5974-47,10
WP_Bestsellers2_5975-01,13
WP_Bestsellers2_5975-10,19
WP_Bestsellers2_5975-47,17
WP_Bestsellers2_5989-49,10
WP_Bestsellers2_5991-10,7
WP_Bestsellers2_5992-10,13
WP_Bestsellers2_5992-49,9
WP_Bestsellers2_5998-10,5
WP_Bestsellers2_5998-31,36
WP_Bestsellers2_6302-10,9
WP_Bestsellers2_6303-07,0
WP_Bestsellers2_6303-10,19
WP_Bestsellers2_6304-02,20
WP_Bestsellers2_6304-08,26
WP_Bestsellers2_6304-43,21
WP_Bestsellers2_6305-10,87
WP_Bestsellers2_6305-14,2
WP_Bestsellers2_6307-08,8
WP_Bestsellers2_6307-14,7
WP_Bestsellers2_6308-02,7
WP_Bestsellers2_6308-10,8
WP_Bestsellers2_6308-11,6
WP_Bestsellers2_6308-19,27
WP_Bestsellers2_6308-38,16
WP_Bestsellers2_6309-11,23
WP_Bestsellers2_6309-36,3
WP_Bestsellers2_6310-07,29
WP_Bestsellers2_6310-37,1
WP_Bestsellers2_6311-07,22
WP_Bestsellers2_6311-37,3
WP_Bestsellers2_6311-38,9
WP_Bestsellers2_6435-06,13
WP_Bestsellers2_6435-37,1
WP_Bestsellers2_6442-29,27
WP_Bestsellers2_6450-15,1
WP_Bestsellers2_6451-01,0
WP_Bestsellers2_6451-06,103
WP_Bestsellers2_6950-15,12
WP_Bestsellers2_6950-37,20
WP_Bestsellers2_6975-10,10
WP_Bestsellers3_324804,2
WP_Bestsellers3_333263,3
WP_Bestsellers3_333265,17
WP_Bestsellers3_333271,18
WP_Bestsellers3_333272,22
WP_Bestsellers3_333294,21
WP_Bestsellers3_333734,12
WP_Bestsellers3_358323,6
WP_Bestsellers3_358324,7
WP_Bestsellers3_358325,2
WP_Bestsellers3_358333,15
WP_Bestsellers3_358334,4
WP_Bestsellers3_358335,8
WP_Bestsellers3_358652,15
WP_Bestsellers3_358655,5
WP_Bestsellers3_358661,6
WP_Bestsellers3_358665,8
WP_Bestsellers3_358961,0
WP_Bestsellers3_359997,1
WP_Bestsellers3_359998,124
WP_Bestsellers3_360022,13
WP_Bestsellers3_360023,12
WP_Bestsellers3_360024,90
WP_Bestsellers3_360935,7
WP_Bestsellers3_361321,7
WP_Bestsellers3_361331,0
WP_Bestsellers3_361494,20
WP_Bestsellers3_361495,4
WP_Bestsellers3_361509,30
WP_Bestsellers3_361513,25
WP_Bestsellers3_361515,1
WP_Bestsellers3_361664,4
WP_Bestsellers3_361674,8
WP_Bestsellers3_361682,4
WP_Bestsellers3_361683,15
WP_Bestsellers3_361687,1
WP_Bestsellers3_361714,2
WP_Bestsellers3_362001,0
WP_Bestsellers3_362011,7
WP_Bestsellers3_362063,7
WP_Bestsellers3_362067,18
WP_Bestsellers3_362068,8
WP_Bestsellers3_362069,4
WP_Bestsellers3_362071,15
WP_Bestsellers3_362073,33
WP_Bestsellers3_362075,13
WP_Bestsellers3_362076,24
WP_Bestsellers3_362077,8
WP_Bestsellers3_362625,3
WP_Bestsellers3_363131,3
WP_Bestsellers3_363141,20
WP_Bestsellers3_363154,19
WP_Bestsellers3_363155,8
WP_Bestsellers4_10099-01,19
WP_Bestsellers4_10099-08,23
WP_Bestsellers4_10099-11,13
WP_Bestsellers4_10099-14,12
WP_Bestsellers4_10099-15,106
WP_Bestsellers4_10099-31,23
WP_Bestsellers4_10099-34,94
WP_Bestsellers4_10099-48,25
WP_Bestsellers4_10179-08,6
WP_Bestsellers4_10179-10,26
WP_Bestsellers4_10179-31,36
WP_Bestsellers4_10179-38,22
WP_Bestsellers4_10193-01,2
WP_Bestsellers4_10193-29,7
WP_Bestsellers4_10209-02,20
WP_Bestsellers4_10209-10,8
WP_Bestsellers4_10209-11,12
WP_Bestsellers4_10210-10,4
WP_Bestsellers4_10210-31,20
WP_Bestsellers4_10210-47,9
WP_Bestsellers4_10212-14,9
WP_Bestsellers4_10212-31,19
WP_Bestsellers4_10212-47,16
WP_Bestsellers4_10213-02,9
WP_Bestsellers4_10213-14,19
WP_Bestsellers4_10213-18,24
WP_Bestsellers4_10214-35,9
WP_Bestsellers4_10237-02,11
WP_Bestsellers4_10237-11,10
WP_Bestsellers4_10237-31,21
WP_Bestsellers4_10237-34,22
WP_Bestsellers4_10238-02,32
WP_Bestsellers4_10238-11,12
WP_Bestsellers4_10238-15,25
WP_Bestsellers4_10238-31,17
WP_Bestsellers4_10238-37,12
WP_Bestsellers4_10239-08,21
WP_Bestsellers4_10239-10,20
WP_Bestsellers4_10239-11,20
WP_Bestsellers4_10239-34,25
WP_Bestsellers4_10239-48,24
WP_Bestsellers4_10240-02,3
WP_Bestsellers4_10240-10,16
WP_Bestsellers4_10240-34,15
WP_Bestsellers4_10241-08,17
WP_Bestsellers4_10241-10,1
WP_Bestsellers4_10241-15,4
WP_Bestsellers4_10244-08,9
WP_Bestsellers4_10244-15,7
WP_Bestsellers4_10247-10,7
WP_Bestsellers4_10248-05,0
WP_Bestsellers4_10248-11,10
WP_Bestsellers4_10248-18,6
WP_Bestsellers4_10248-31,19
WP_Bestsellers4_10249-18,11
WP_Bestsellers4_10250-05,29
WP_Bestsellers4_10250-08,28
WP_Bestsellers4_10250-09,9
WP_Bestsellers4_10251-01,6
WP_Bestsellers4_10251-08,10
WP_Bestsellers4_10251-14,14
WP_Bestsellers4_10251-31,19
WP_Bestsellers4_10252-08,8
WP_Bestsellers4_10252-14,5
WP_Bestsellers4_10252-31,4
WP_Botanica_33301,11
WP_Botanica_33302,55
WP_Botanica_33303,11
WP_Botanica_33304,0
WP_Botanica_33305,1
WP_Botanica_33306,42
WP_Botanica_33307,16
WP_Botanica_33308,11
WP_Botanica_33309,15
WP_Botanica_33310,45
WP_Botanica_33311,15
WP_Botanica_33312,34
WP_Botanica_33314,25
WP_Botanica_33315,24
WP_Botanica_33316,16
WP_Botanica_33317,16
WP_Botanica_33318,8
WP_Botanica_33319,3
WP_Botanica_33320,22
WP_Botanica_33321,50
WP_Botanica_33322,11
WP_Botanica_33323,12
WP_Botanica_33324,11
WP_Botanica_33325,0
WP_Botanica_33326,9
WP_Botanica_33327,43
WP_Botanica_33328,7
WP_Botanica_33329,33
WP_Botanica_33330,11
WP_Botanica_33331,9
WP_Botanica_33332,12
WP_Botanica_33333,14
WP_Botanica_33951,2
WP_Botanica_33952,16
WP_Botanica_33953,7
WP_Botanica_33954,24
WP_Botanica_33955,14
WP_Botanica_33956,17
WP_Botanica_33957,6
WP_Botanica_33958,19
WP_Botanica_33959,13
WP_Botanica_33960,23
WP_Botanica_33961,5
WP_Botanica_33962,8
WP_Botanica_33963,19
WP_Botanica_33964,8
WP_Botanica_33965,12
WP_Botanica_33966,4
WP_Botanica_33967,34
WP_Botanica_33968,7
WP_Botanica_33969,24
WP_Botanica_33970,21
WP_Botanica_33971,33
WP_CITYGLAM_32403,26
WP_CITYGLAM_32404,23
WP_CITYGLAM_32405,35
WP_CITYGLAM_32419,20
WP_CITYGLAM_32436,9
WP_CITYGLAM_32601,27
WP_CITYGLAM_32602,22
WP_CITYGLAM_32603,26
WP_CITYGLAM_32604,29
WP_CITYGLAM_32605,34
WP_CITYGLAM_32606,19
WP_CITYGLAM_32607,31
WP_CITYGLAM_32608,28
WP_CITYGLAM_32609,19
WP_CITYGLAM_32610,33
WP_CITYGLAM_32611,39
WP_CITYGLAM_32612,5
WP_CITYGLAM_32613,24
WP_CITYGLAM_32614,24
WP_CITYGLAM_32615,0
WP_CITYGLAM_32621,12
WP_CITYGLAM_32622,15
WP_CITYGLAM_32623,10
WP_CITYGLAM_32624,9
WP_CITYGLAM_32625,15
WP_CITYGLAM_32626,30
WP_CITYGLAM_32627,8
WP_CITYGLAM_32628,12
WP_CITYGLAM_32630,13
WP_CITYGLAM_32631,24
WP_CITYGLAM_32632,8
WP_CITYGLAM_32633,17
WP_CITYGLAM_32634,15
WP_CITYGLAM_32635,17
WP_CITYGLAM_32636,23
WP_CITYGLAM_32637,1
WP_CITYGLAM_32643,13
WP_Creative_Kitchens_CK36631,5
WP_Creative_Kitchens_CK36632,5
WP_Creative_Kitchens_CK36633,6
WP_Creative_Kitchens_CK36634,4
WP_Creative_Kitchens_CK36635,7
WP_Creative_Kitchens_CK36636,5
WP_Creative_Kitchens_CK36637,5
WP_Creative_Kitchens_CK36638,6
WP_Creative_Kitchens_CO25930,3
WP_Creative_Kitchens_CU25955,8
WP_Creative_Kitchens_KB25621,5
WP_Creative_Kitchens_KB25622,4
WP_Creative_Kitchens_KB25627,4
WP_Creative_Kitchens_KB25628,5
WP_Creative_Kitchens_KE29900,9
WP_Creative_Kitchens_KE29906,5
WP_Creative_Kitchens_KE29907,3
WP_Creative_Kitchens_KE29913,1
WP_Creative_Kitchens_KE29922,6
WP_Creative_Kitchens_KE29928,6
WP_Creative_Kitchens_KE29934,1
WP_Creative_Kitchens_KE29935,9
WP_Creative_Kitchens_KE29939,3
WP_Creative_Kitchens_KE29945,9
WP_Creative_Kitchens_KE29946,12
WP_Creative_Kitchens_KE29950,4
WP_Creative_Kitchens_KE29951,2
WP_Creative_Kitchens_KE29952,3
WP_Creative_Kitchens_KK26713,6
WP_Creative_Kitchens_KK26718,6
WP_Creative_Kitchens_KK26754,2
WP_Creative_Kitchens_KT15510,6
WP_Creative_Kitchens_KT15512,9
WP_Creative_Kitchens_KV27423,5
WP_Creative_Kitchens_LL29501,13
WP_Creative_Kitchens_LL29532,2
WP_Creative_Kitchens_LL29537,2
WP_Creative_Kitchens_LL36207,5
WP_Creative_Kitchens_LL36217,5
WP_Creative_Kitchens_LL36236,10
WP_Creative_Kitchens_LL36237,19
WP_Creative_Kitchens_LL36238,13
WP_Creative_Kitchens_SF26108,6
WP_Creative_Kitchens_SP21158,8
WP_Creative_Kitchens_SP21160,4
WP_Creative_Kitchens_SP21161,5
WP_DREAM AGAIN _364981,5
WP_DREAM AGAIN _364983,0
WP_DREAM AGAIN _364984,24
WP_DREAM AGAIN _364991,8
WP_DREAM AGAIN _364992,45
WP_DREAM AGAIN _364993,18
WP_DREAM AGAIN _364994,93
WP_DREAM AGAIN _364995,18
WP_DREAM AGAIN _364996,15
WP_DREAM AGAIN _364997,9
WP_DREAM AGAIN _364998,7
WP_DREAM AGAIN _364999,12
WP_DREAM AGAIN _365001,19
WP_DREAM AGAIN _365011,7
WP_DREAM AGAIN _365012,14
WP_DREAM AGAIN _365013,27
WP_DREAM AGAIN _365014,112
WP_DREAM AGAIN _365015,15
WP_DREAM AGAIN _365021,20
WP_DREAM AGAIN _365022,27
WP_DREAM AGAIN _365023,92
WP_DREAM AGAIN _365024,5
WP_DREAM AGAIN _365031,10
WP_DREAM AGAIN _365032,0
WP_DREAM AGAIN _365033,5
WP_DREAM AGAIN _365041,18
WP_DREAM AGAIN _365042,21
WP_DREAM AGAIN _365043,23
WP_DREAM AGAIN _365044,22
WP_DREAM AGAIN _365045,32
WP_DREAM AGAIN _365046,12
WP_DREAM AGAIN _365052,7
WP_DREAM AGAIN _365053,30
WP_DREAM AGAIN _365054,0
WP_DREAM AGAIN _365055,12
WP_DREAM AGAIN _365171,14
WP_DREAM AGAIN _365172,5
WP_DREAM AGAIN _365173,24
WP_DREAM AGAIN _365174,12
WP_DREAM AGAIN _365175,23
WP_DREAM AGAIN _365181,2
WP_DREAM AGAIN _365191,3
WP_DREAM AGAIN _365193,18
WP_DecoWorld2_306841,8
WP_DecoWorld2_306842,10
WP_DecoWorld2_306941,13
WP_DecoWorld2_306942,34
WP_DecoWorld2_306943,5
WP_DecoWorld2_306945,0
WP_DecoWorld2_306946,7
WP_DecoWorld2_307452,34
WP_DecoWorld2_307453,22
WP_DecoWorld2_307454,11
WP_DecoWorld2_307461,16
WP_DecoWorld2_307462,18
WP_DecoWorld2_307463,24
WP_DecoWorld2_307464,6
WP_DecoWorld2_307481,18
WP_DecoWorld2_307482,10
WP_DecoWorld2_307483,9
WP_DecoWorld2_307491,15
WP_DecoWorld2_307492,43
WP_DecoWorld2_307493,24
WP_DecoWorld2_307501,10
WP_DecoWorld2_307502,34
WP_DecoWorld2_307503,16
WP_DecoWorld2_307521,1
WP_DecoWorld2_307522,14
WP_Decortex_DE120011,11
WP_Decortex_DE120012,3
WP_Decortex_DE120013,5
WP_Decortex_DE120014,2
WP_Decortex_DE120015,5
WP_Decortex_DE120016,19
WP_Decortex_DE120018,10
WP_Decortex_DE120019,11
WP_Decortex_DE120021,30
WP_Decortex_DE120022,47
WP_Decortex_DE120023,42
WP_Decortex_DE120024,15
WP_Decortex_DE120025,16
WP_Decortex_DE120026,12
WP_Decortex_DE120027,39
WP_Decortex_DE120031,4
WP_Decortex_DE120032,36
WP_Decortex_DE120033,18
WP_Decortex_DE120035,12
WP_Decortex_DE120036,10
WP_Decortex_DE120037,18
WP_Decortex_DE120039,7
WP_Decortex_DE120041,13
WP_Decortex_DE120042,2
WP_Decortex_DE120043,6
WP_Decortex_DE120044,7
WP_Decortex_DE120045,22
WP_Decortex_DE120046,14
WP_Decortex_DE120051,20
WP_Decortex_DE120052,21
WP_Decortex_DE120053,12
WP_Decortex_DE120054,4
WP_Decortex_DE120055,10
WP_Decortex_DE120056,15
WP_Decortex_DE120061,1
WP_Decortex_DE120062,25
WP_Decortex_DE120063,5
WP_Decortex_DE120064,33
WP_Decortex_DE120065,24
WP_Decortex_DE120066,30
WP_Decortex_DE120071,15
WP_Decortex_DE120072,15
WP_Decortex_DE120073,17
WP_Decortex_DE120074,14
WP_Decortex_DE120075,46
WP_Decortex_DE120076,23
WP_Decortex_DE120082,6
WP_Decortex_DE120083,2
WP_Decortex_DE120084,29
WP_Decortex_DE120085,16
WP_Decortex_DE120086,10
WP_Decortex_DE120088,18
WP_Decortex_DE120091,55
WP_Decortex_DE120092,18
WP_Decortex_DE120093,6
WP_Decortex_DE120094,12
WP_Decortex_DE120096,10
WP_Decortex_DE120098,6
WP_Decortex_DE120102,30
WP_Decortex_DE120103,17
WP_Decortex_DE120104,25
WP_Decortex_DE120105,14
WP_Decortex_DE120106,23
WP_Decortex_DE120107,32
WP_Decortex_DE120111,25
WP_Decortex_DE120112,18
WP_Decortex_DE120113,6
WP_Decortex_DE120114,10
WP_Decortex_DE120115,5
WP_Decortex_DE120116,158
WP_Decortex_DE120121,44
WP_Decortex_DE120122,6
WP_Decortex_DE120123,20
WP_Decortex_DE120124,20
WP_Decortex_DE120125,18
WP_Decortex_DE120126,6
WP_Decortex_DE120127,5
WP_Decortex_DE120128,30
WP_Decortex_DE120130,13
WP_EARTH_99111,4
WP_EARTH_99111_SAMPLE,4
WP_EARTH_99113,11
WP_EARTH_99113_SAMPLE,11
WP_EARTH_99114,8
WP_EARTH_99114_SAMPLE,8
WP_EARTH_99115,10
WP_EARTH_99115_SAMPLE,10
WP_EARTH_99117,5
WP_EARTH_99117_SAMPLE,5
WP_EARTH_99118,13
WP_EARTH_99118_SAMPLE,13
WP_EARTH_99119,4
WP_EARTH_99119_SAMPLE,4
WP_EARTH_99120_SAMPLE,8
WP_EARTH_99121,10
WP_EARTH_99121_SAMPLE,10
WP_EARTH_99124,17
WP_EARTH_99124_SAMPLE,17
WP_EARTH_99125,7
WP_EARTH_99125_SAMPLE,7
WP_EARTH_99126,1
WP_EARTH_99126_SAMPLE,1
WP_EARTH_99127,21
WP_EARTH_99127_SAMPLE,21
WP_EARTH_99128_SAMPLE,7
WP_EARTH_99129,0
WP_EARTH_99130,14
WP_EARTH_99130_SAMPLE,14
WP_EARTH_99133,3
WP_EARTH_99133_SAMPLE,3
WP_EARTH_99134,12
WP_EARTH_99134_SAMPLE,12
WP_EARTH_99135,11
WP_EARTH_99135_SAMPLE,11
WP_EARTH_99136,2
WP_EARTH_99136_SAMPLE,2
WP_EARTH_99138,36
WP_EARTH_99138_SAMPLE,36
WP_EARTH_99139,8
WP_EARTH_99139_SAMPLE,8
WP_EARTH_99142,3
WP_EARTH_99142_SAMPLE,3
WP_EARTH_99143,19
WP_EARTH_99143_SAMPLE,19
WP_EARTH_99144,8
WP_EARTH_99144_SAMPLE,8
WP_EARTH_99149,0
WP_EARTH_99152,7
WP_EARTH_99152_SAMPLE,7
WP_EARTH_99154,7
WP_EARTH_99154_SAMPLE,7
WP_EARTH_99155,30
WP_EARTH_99155_SAMPLE,30
WP_EARTH_99158,10
WP_EARTH_99158_SAMPLE,10
WP_EARTH_99159,0
WP_EARTH_99159_SAMPLE,0
WP_EARTH_99161,10
WP_EARTH_99161_SAMPLE,10
WP_EARTH_99162,1
WP_EARTH_99162_SAMPLE,1
WP_EARTH_99163,12
WP_EARTH_99163_SAMPLE,12
WP_EARTH_99164,10
WP_EARTH_99164_SAMPLE,10
WP_EARTH_99165,12
WP_EARTH_99165_SAMPLE,12
WP_EARTH_99166,11
WP_EARTH_99166_SAMPLE,1
WP_EARTH_99167,4
WP_EARTH_99168,41
WP_EARTH_99168_SAMPLE,1
WP_EARTH_99170,9
WP_EARTH_99172,8
WP_EARTH_99172_SAMPLE,8
WP_EARTH_99173,27
WP_EARTH_99173_SAMPLE,27
WP_EARTH_99174,0
WP_EARTH_99174_SAMPLE,0
WP_EARTH_99175,6
WP_EARTH_99175_SAMPLE,6
WP_EARTH_99176,12
WP_EARTH_99176_SAMPLE,12
WP_EARTH_99177,11
WP_EARTH_99177_SAMPLE,11
WP_EARTH_99178,8
WP_EARTH_99178_SAMPLE,8
WP_EARTH_99179,19
WP_EARTH_99179_SAMPLE,19
WP_EARTH_99180,11
WP_EARTH_99180_SAMPLE,11
WP_EARTH_99181,5
WP_EARTH_99181_SAMPLE,5
WP_EARTH_99183,4
WP_EARTH_99184,12
WP_EARTH_99185,7
WP_ELEMENTS_300431,38
WP_ELEMENTS_300434,18
WP_ELEMENTS_306681,14
WP_ELEMENTS_306682,29
WP_ELEMENTS_306683,23
WP_ELEMENTS_306694,23
WP_ELEMENTS_306822,23
WP_ELEMENTS_307231,22
WP_ELEMENTS_307471,34
WP_ELEMENTS_319421,29
WP_ELEMENTS_319431,61
WP_ELEMENTS_319932,31
WP_ELEMENTS_326511,1
WP_ELEMENTS_326514,15
WP_ELEMENTS_326515,55
WP_ELEMENTS_343992,38
WP_ELEMENTS_355802,9
WP_ELEMENTS_355803,1
WP_ELEMENTS_355811,25
WP_ELEMENTS_355812,7
WP_ELEMENTS_355813,50
WP_ELEMENTS_355814,36
WP_ELEMENTS_355823,48
WP_ELEMENTS_361181,10
WP_ELEMENTS_361182,20
WP_ELEMENTS_361183,14
WP_ELEMENTS_361191,3
WP_ELEMENTS_361332,36
WP_ELEMENTS_361333,64
WP_ELEMENTS_361392,0
WP_ELEMENTS_361393,24
WP_ELEMENTS_361394,31
WP_ELEMENTS_361402,12
WP_ELEMENTS_361403,21
WP_ELEMENTS_361404,40
WP_ELEMENTS_361551,22
WP_ELEMENTS_361572,18
WP_ELEMENTS_361573,31
WP_ELEMENTS_362064,16
WP_ELEMENTS_362066,30
WP_ELEMENTS_362074,12
WP_ELEMENTS_362811,29
WP_ELEMENTS_362812,44
WP_ELEMENTS_363701,7
WP_ELEMENTS_363702,21
WP_ELEMENTS_363703,13
WP_ELEMENTS_366002,9
WP_ELEMENTS_366004,21
WP_ELEMENTS_368931,7
WP_ELEMENTS_369111,7
WP_ELEMENTS_369113,15
WP_ELEMENTS_369114,28
WP_ELEMENTS_369115,41
WP_ELEMENTS_369116,31
WP_ELEMENTS_369245,31
WP_ELEMENTS_369291,31
WP_ELEMENTS_369292,57
WP_ELEMENTS_369293,10
WP_ELEMENTS_374121,38
WP_ELEMENTS_374122,16
WP_ELEMENTS_374123,1
WP_ELEMENTS_374124,18
WP_ELEMENTS_374141,11
WP_ELEMENTS_374142,13
WP_ELEMENTS_374143,13
WP_ELEMENTS_374144,2
WP_ELEMENTS_374145,12
WP_ELEMENTS_374151,7
WP_ELEMENTS_374152,17
WP_ELEMENTS_374153,35
WP_ELEMENTS_374154,21
WP_ELEMENTS_374155,0
WP_ELEMENTS_374181,2
WP_ELEMENTS_374182,17
WP_ELEMENTS_374183,14
WP_ELEMENTS_374184,19
WP_ELEMENTS_374221,9
WP_ELEMENTS_374222,14
WP_ELEMENTS_374223,11
WP_ELEMENTS_374254,21
WP_ELEMENTS_374291,11
WP_ELEMENTS_374292,10
WP_ELEMENTS_374293,12
WP_ELEMENTS_374294,27
WP_ELEMENTS_377471,29
WP_ELEMENTS_377472,19
WP_ELEMENTS_377473,24
WP_ELEMENTS_377474,37
WP_ELEMENTS_377475,12
WP_ELEMENTS_377476,16
WP_ELEMENTS_707116,24
WP_ELEMENTS_707123,53
WP_ELEMENTS_707130,19
WP_ELEMENTS_707161,26
WP_ELEMENTS_709714,14
WP_ELEMENTS_709721,27
WP_ELEMENTS_713711,43
WP_ELEMENTS_855039,48
WP_ELEMENTS_855046,39
WP_ELEMENTS_855053,10
WP_ELEMENTS_855060,13
WP_ELEMENTS_855077,23
WP_ELEMENTS_895110,16
WP_ELEMENTS_895127,21
WP_ELEMENTS_907813,48
WP_ELEMENTS_907837,14
WP_ELEMENTS_907851,36
WP_ELEMENTS_907912,20
WP_ELEMENTS_908612,28
WP_ELEMENTS_914217,42
WP_ELEMENTS_914224,36
WP_ELEMENTS_927316,26
WP_ELEMENTS_927323,14
WP_ELEMENTS_939921,27
WP_ELEMENTS_944251,15
WP_ELEMENTS_944263,23
WP_ELEMENTS_944264,13
WP_ELEMENTS_944265,25
WP_ELEMENTS_952591,29
WP_ELEMENTS_952592,72
WP_ELEMENTS_953701,61
WP_ELEMENTS_953913,16
WP_ELEMENTS_954053,56
WP_ELEMENTS_958331,92
WP_ELEMENTS_958332,48
WP_ELEMENTS_958631,22
WP_ELEMENTS_958711,14
WP_ELEMENTS_959083,17
WP_ELEMENTS_959141,124
WP_ELLEDECORATION_1014902,23
WP_ELLEDECORATION_1014905,8
WP_ELLEDECORATION_1014915,28
WP_ELLEDECORATION_1014931,4
WP_ELLEDECORATION_1014936,2
WP_ELLEDECORATION_1015002,17
WP_ELLEDECORATION_1015005,16
WP_ELLEDECORATION_1015008,13
WP_ELLEDECORATION_1015015,1
WP_ELLEDECORATION_1015031,2
WP_ELLEDECORATION_1015105,10
WP_ELLEDECORATION_1015110,38
WP_ELLEDECORATION_1015130,21
WP_ELLEDECORATION_1015131,15
WP_ELLEDECORATION_1015147,38
WP_ELLEDECORATION_1015205,21
WP_ELLEDECORATION_1015208,23
WP_ELLEDECORATION_1015210,64
WP_ELLEDECORATION_1015231,106
WP_ELLEDECORATION_1015247,109
WP_ELLEDECORATION_1015301,76
WP_ELLEDECORATION_1015302,40
WP_ELLEDECORATION_1015318,14
WP_ELLEDECORATION_1015402,1
WP_ELLEDECORATION_1015405,0
WP_ELLEDECORATION_1015415,5
WP_ELLEDECORATION_1015431,22
WP_ELLEDECORATION_1015508,27
WP_ELLEDECORATION_1015510,17
WP_ELLEDECORATION_1015515,15
WP_ELLEDECORATION_1015531,4
WP_ELLEDECORATION_1017125,2
WP_ELLE_DECORATION_3_10329_01,12
WP_ELLE_DECORATION_3_10329_01_SAMPLE,12
WP_ELLE_DECORATION_3_10329_15,10
WP_ELLE_DECORATION_3_10329_15_SAMPLE,10
WP_ELLE_DECORATION_3_10329_30,0
WP_ELLE_DECORATION_3_10329_30_SAMPLE,0
WP_ELLE_DECORATION_3_10330_01,19
WP_ELLE_DECORATION_3_10330_01_SAMPLE,19
WP_ELLE_DECORATION_3_10330_10,16
WP_ELLE_DECORATION_3_10330_10_SAMPLE,16
WP_ELLE_DECORATION_3_10330_15,33
WP_ELLE_DECORATION_3_10330_15_SAMPLE,33
WP_ELLE_DECORATION_3_10330_30,18
WP_ELLE_DECORATION_3_10330_30_SAMPLE,18
WP_ELLE_DECORATION_3_10331_07,7
WP_ELLE_DECORATION_3_10331_07_SAMPLE,7
WP_ELLE_DECORATION_3_10331_10_SAMPLE,5
WP_ELLE_DECORATION_3_10331_15,4
WP_ELLE_DECORATION_3_10331_15_SAMPLE,4
WP_ELLE_DECORATION_3_10332_01,9
WP_ELLE_DECORATION_3_10332_01_SAMPLE,9
WP_ELLE_DECORATION_3_10332_05,1
WP_ELLE_DECORATION_3_10332_05_SAMPLE,1
WP_ELLE_DECORATION_3_10332_07,4
WP_ELLE_DECORATION_3_10332_07_SAMPLE,4
WP_ELLE_DECORATION_3_10332_10,4
WP_ELLE_DECORATION_3_10332_10_SAMPLE,4
WP_ELLE_DECORATION_3_10332_15,9
WP_ELLE_DECORATION_3_10332_15_SAMPLE,9
WP_ELLE_DECORATION_3_10334_01,0
WP_ELLE_DECORATION_3_10334_01_SAMPLE,0
WP_ELLE_DECORATION_3_10334_15,8
WP_ELLE_DECORATION_3_10334_15_SAMPLE,8
WP_ELLE_DECORATION_3_10335_08,2
WP_ELLE_DECORATION_3_10335_08_SAMPLE,2
WP_ELLE_DECORATION_3_10335_25,2
WP_ELLE_DECORATION_3_10335_25_SAMPLE,2
WP_ELLE_DECORATION_3_10335_30,36
WP_ELLE_DECORATION_3_10335_30_SAMPLE,36
WP_ELLE_DECORATION_3_10335_31,4
WP_ELLE_DECORATION_3_10335_31_SAMPLE,4
WP_ELLE_DECORATION_3_10345_02,9
WP_ELLE_DECORATION_3_10345_02_SAMPLE,9
WP_ELLE_DECORATION_3_10345_07,10
WP_ELLE_DECORATION_3_10345_07_SAMPLE,10
WP_ELLE_DECORATION_3_10345_10,4
WP_ELLE_DECORATION_3_10345_10_SAMPLE,4
WP_ELLE_DECORATION_3_10345_15,2
WP_ELLE_DECORATION_3_10345_15_SAMPLE,2
WP_ELLE_DECO_2_10171-01,45
WP_ELLE_DECO_2_10171-02,21
WP_ELLE_DECO_2_10171-05,16
WP_ELLE_DECO_2_10171-10,6
WP_ELLE_DECO_2_10171-14,11
WP_ELLE_DECO_2_10171-15,91
WP_ELLE_DECO_2_10171-16,6
WP_ELLE_DECO_2_10171-18,30
WP_ELLE_DECO_2_10171-19,21
WP_ELLE_DECO_2_10171-20,8
WP_ELLE_DECO_2_10171-29,11
WP_ELLE_DECO_2_10171-30,1
WP_ELLE_DECO_2_10171-31,24
WP_ELLE_DECO_2_10171-35,2
WP_ELLE_DECO_2_10171-37,16
WP_ELLE_DECO_2_10191-02,1
WP_ELLE_DECO_2_10191-15,20
WP_ELLE_DECO_2_10191-31,25
WP_ELLE_DECO_2_10195-02,9
WP_ELLE_DECO_2_10195-10,21
WP_ELLE_DECO_2_10195-15,8
WP_ELLE_DECO_2_10195-18,7
WP_ELLE_DECO_2_10202-07,9
WP_ELLE_DECO_2_10202-10,13
WP_ELLE_DECO_2_10202-15,0
WP_ELLE_DECO_2_10202-18,0
WP_ELLE_DECO_2_10204-14,0
WP_ELLE_DECO_2_10204-15,12
WP_ELLE_DECO_2_10204-18,6
WP_ELLE_DECO_2_10204-31,7
WP_ELLE_DECO_2_10207-02,8
WP_ELLE_DECO_2_10207-05,2
WP_ELLE_DECO_2_10207-08,3
WP_ELLE_DECO_2_10207-31,14
WP_EMOTIONGRAPHIC_349330,10
WP_EMOTIONGRAPHIC_353160,12
WP_EMOTIONGRAPHIC_363932,4
WP_EMOTIONGRAPHIC_364701,15
WP_EMOTIONGRAPHIC_364702,15
WP_EMOTIONGRAPHIC_367571,13
WP_EMOTIONGRAPHIC_367572,11
WP_EMOTIONGRAPHIC_367573,10
WP_EMOTIONGRAPHIC_367603,13
WP_EMOTIONGRAPHIC_367613,5
WP_EMOTIONGRAPHIC_367614,12
WP_EMOTIONGRAPHIC_367616,7
WP_EMOTIONGRAPHIC_367617,9
WP_EMOTIONGRAPHIC_367711,14
WP_EMOTIONGRAPHIC_367712,11
WP_EMOTIONGRAPHIC_367713,10
WP_EMOTIONGRAPHIC_367731,13
WP_EMOTIONGRAPHIC_367734,14
WP_EMOTIONGRAPHIC_367735,2
WP_EMOTIONGRAPHIC_367736,15
WP_EMOTIONGRAPHIC_367737,31
WP_EMOTIONGRAPHIC_367741,12
WP_EMOTIONGRAPHIC_367742,14
WP_EMOTIONGRAPHIC_367743,9
WP_EMOTIONGRAPHIC_367744,12
WP_EMOTIONGRAPHIC_367851,18
WP_EMOTIONGRAPHIC_367853,21
WP_EMOTIONGRAPHIC_367864,23
WP_EMOTIONGRAPHIC_368781,1
WP_EMOTIONGRAPHIC_368782,28
WP_EMOTIONGRAPHIC_368783,15
WP_EMOTIONGRAPHIC_368784,13
WP_EMOTIONGRAPHIC_368785,8
WP_EMOTIONGRAPHIC_368792,11
WP_EMOTIONGRAPHIC_368793,26
WP_EMOTIONGRAPHIC_368794,11
WP_EMOTIONGRAPHIC_368795,17
WP_EMOTIONGRAPHIC_368796,15
WP_EMOTIONGRAPHIC_368797,14
WP_EMOTIONGRAPHIC_368798,5
WP_EMOTIONGRAPHIC_368799,13
WP_EMOTIONGRAPHIC_368801,12
WP_EMOTIONGRAPHIC_368811,9
WP_EMOTIONGRAPHIC_368812,19
WP_EMOTIONGRAPHIC_368813,15
WP_EMOTIONGRAPHIC_368814,8
WP_EMOTIONGRAPHIC_368815,7
WP_EMOTIONGRAPHIC_368816,0
WP_EMOTIONGRAPHIC_368821,12
WP_EMOTIONGRAPHIC_368829,12
WP_EMOTIONGRAPHIC_368831,6
WP_EMOTIONGRAPHIC_368841,13
WP_EMOTIONGRAPHIC_368851,15
WP_ENERGY_91932,6
WP_ENERGY_91949,6
WP_EXPOSURE_EN1004,37
WP_EXPOSURE_EN1101,11
WP_EXPOSURE_EN1103,1
WP_EXPOSURE_EN1105,10
WP_EXPOSURE_EN1202,12
WP_EXPOSURE_EN1204,17
WP_EXPOSURE_EN2001,4
WP_EXPOSURE_EN2002,15
WP_EXPOSURE_EN2003,9
WP_EXPOSURE_EN3001,19
WP_EXPOSURE_EN3003,36
WP_EXPOSURE_EN3102,10
WP_EXPOSURE_EN3103,21
WP_EXPOSURE_EN3105,25
WP_EXPOSURE_EN3201,7
WP_EXPOSURE_EN3202,23
WP_EXPOSURE_EN3203,22
WP_EXPOSURE_EN3204,16
WP_EXPOSURE_EN3303,15
WP_EXPOSURE_EN3401,1
WP_EXPOSURE_EN3402,3
WP_EXPOSURE_EN3404,24
WP_EXPOSURE_EN3405,16
WP_EXPOSURE_EN3406,1
WP_EXPOSURE_EN3409,16
WP_EXPOSURE_EN3502,12
WP_EXPOSURE_EN3503,4
WP_EXPOSURE_EP1001,12
WP_EXPOSURE_EP1003,8
WP_EXPOSURE_EP1004,2
WP_EXPOSURE_EP1005,18
WP_EXPOSURE_EP2001,7
WP_EXPOSURE_EP3001,1
WP_EXPOSURE_EP3002,4
WP_EXPOSURE_EP3003,7
WP_EXPOSURE_EP3101,6
WP_EXPOSURE_EP3102,35
WP_EXPOSURE_EP3103,8
WP_EXPOSURE_EP3104,22
WP_EXPOSURE_EP3201,28
WP_EXPOSURE_EP3301,13
WP_EXPOSURE_EP3302,6
WP_EXPOSURE_EP3303,30
WP_EXPOSURE_EP3401,10
WP_EXPOSURE_EP3402,33
WP_EXPOSURE_EP3403,20
WP_EXPOSURE_EP3703,28
WP_FLOURISH_AB27612,1
WP_FLOURISH_AB27614,4
WP_FLOURISH_AB27615,1
WP_FLOURISH_AB27655,0
WP_FLOURISH_AB27656,1
WP_FLOURISH_AB27659,7
WP_FLOURISH_AB27661,0
WP_FLOURISH_AB27662,4
WP_FLOURISH_AB42413,1
WP_FLOURISH_AB42417,0
WP_FLOURISH_AB42418,3
WP_FLOURISH_AB42424,4
WP_FLOURISH_AB42427,12
WP_FLOURISH_AB42442,0
WP_FLOURISH_AB42443,3
WP_FLOURISH_AB42445,2
WP_FLOURISH_AB42446,6
WP_FLOURISH_AF37700,1
WP_FLOURISH_AF37701,5
WP_FLOURISH_AF37702,4
WP_FLOURISH_AF37703,3
WP_FLOURISH_AF37704,4
WP_FLOURISH_AF37705,3
WP_FLOURISH_AF37706,6
WP_FLOURISH_AF37707,5
WP_FLOURISH_AF37708,15
WP_FLOURISH_AF37709,1
WP_FLOURISH_AF37710,2
WP_FLOURISH_AF37712,9
WP_FLOURISH_AF37714,2
WP_FLOURISH_AF37715,0
WP_FLOURISH_AF37716,3
WP_FLOURISH_AF37717,1
WP_FLOURISH_AF37718,3
WP_FLOURISH_AF37719,10
WP_FLOURISH_AF37721,4
WP_FLOURISH_AF37722,7
WP_FLOURISH_AF37723,5
WP_FLOURISH_AF37724,14
WP_FLOURISH_AF37726,3
WP_FLOURISH_AF37727,5
WP_FLOURISH_AF37730,6
WP_FLOURISH_AF37731,2
WP_FLOURISH_AF37732,0
WP_FLOURISH_AF37733,4
WP_FLOURISH_AF37734,2
WP_FLOURISH_AF37736,1
WP_FLOURISH_AF37737,9
WP_FLOURISH_AF37738,9
WP_FLOURISH_AF37739,5
WP_FLOURISH_AF37740,5
WP_FLOURISH_AF37741,3
WP_FLOURISH_AF37742,4
WP_FLOURISH_AF37743,4
WP_FLOURISH_AF37746,8
WP_FLOURISH_AF37747,1
WP_FLOURISH_AF37748,2
WP_FRESH_WATERCOLORS_AF37746,8
WP_FRESH_WATERCOLORS_AF37748,2
WP_FRESH_WATERCOLORS_FW36800,11
WP_FRESH_WATERCOLORS_FW36801,1
WP_FRESH_WATERCOLORS_FW36802,5
WP_FRESH_WATERCOLORS_FW36803,2
WP_FRESH_WATERCOLORS_FW36804,3
WP_FRESH_WATERCOLORS_FW36805,2
WP_FRESH_WATERCOLORS_FW36806,13
WP_FRESH_WATERCOLORS_FW36807,3
WP_FRESH_WATERCOLORS_FW36808,1
WP_FRESH_WATERCOLORS_FW36809,1
WP_FRESH_WATERCOLORS_FW36811,2
WP_FRESH_WATERCOLORS_FW36812,5
WP_FRESH_WATERCOLORS_FW36813,4
WP_FRESH_WATERCOLORS_FW36814,6
WP_FRESH_WATERCOLORS_FW36815,6
WP_FRESH_WATERCOLORS_FW36816,6
WP_FRESH_WATERCOLORS_FW36817,4
WP_FRESH_WATERCOLORS_FW36819,4
WP_FRESH_WATERCOLORS_FW36820,6
WP_FRESH_WATERCOLORS_FW36821,2
WP_FRESH_WATERCOLORS_FW36822,3
WP_FRESH_WATERCOLORS_FW36823,7
WP_FRESH_WATERCOLORS_FW36824,14
WP_FRESH_WATERCOLORS_FW36825,1
WP_FRESH_WATERCOLORS_FW36826,2
WP_FRESH_WATERCOLORS_FW36829,1
WP_FRESH_WATERCOLORS_FW36830,6
WP_FRESH_WATERCOLORS_FW36831,3
WP_FRESH_WATERCOLORS_FW36832,1
WP_FRESH_WATERCOLORS_FW36833,5
WP_FRESH_WATERCOLORS_FW36834,7
WP_FRESH_WATERCOLORS_FW36836,5
WP_FRESH_WATERCOLORS_FW36838,1
WP_FRESH_WATERCOLORS_FW36839,7
WP_FRESH_WATERCOLORS_FW36840,1
WP_FRESH_WATERCOLORS_FW36841,6
WP_FRESH_WATERCOLORS_FW36842,6
WP_FRESH_WATERCOLORS_FW36843,6
WP_FRESH_WATERCOLORS_FW36844,6
WP_FRESH_WATERCOLORS_FW36845,0
WP_FRESH_WATERCOLORS_FW36846,1
WP_FRESH_WATERCOLORS_FW36847,3
WP_FRESH_WATERCOLORS_FW36848,6
WP_FRESH_WATERCOLORS_FW36849,6
WP_FRESH_WATERCOLORS_FW36850,6
WP_FRESH_WATERCOLORS_FW36851,6
WP_FRESH_WATERCOLORS_FW36853,3
WP_FRESH_WATERCOLORS_FW36854,4
WP_FRESH_WATERCOLORS_FW36855,6
WP_FRESH_WATERCOLORS_FW36856,2
WP_FRESH_WATERCOLORS_FW36857,2
WP_FRESH_WATERCOLORS_FW36858,5
WP_FRESH_WATERCOLORS_FW36859,3
WP_FRESH_WATERCOLORS_FW36860,5
WP_FRESH_WATERCOLORS_FW36861,2
WP_FRESH_WATERCOLORS_FW36862,7
WP_FabricTouch_FT221211,11
WP_FabricTouch_FT221212,18
WP_FabricTouch_FT221213,11
WP_FabricTouch_FT221214,6
WP_FabricTouch_FT221215,1
WP_FabricTouch_FT221221,77
WP_FabricTouch_FT221222,80
WP_FabricTouch_FT221223,9
WP_FabricTouch_FT221224,94
WP_FabricTouch_FT221225,21
WP_FabricTouch_FT221226,18
WP_FabricTouch_FT221227,3
WP_FabricTouch_FT221228,5
WP_FabricTouch_FT221231,20
WP_FabricTouch_FT221232,47
WP_FabricTouch_FT221233,22
WP_FabricTouch_FT221234,22
WP_FabricTouch_FT221235,18
WP_FabricTouch_FT221236,14
WP_FabricTouch_FT221237,9
WP_FabricTouch_FT221238,12
WP_FabricTouch_FT221241,28
WP_FabricTouch_FT221242,35
WP_FabricTouch_FT221243,11
WP_FabricTouch_FT221244,24
WP_FabricTouch_FT221245,9
WP_FabricTouch_FT221246,14
WP_Farmhouse_Living_FH37501,6
WP_Farmhouse_Living_FH37502,1
WP_Farmhouse_Living_FH37503,16
WP_Farmhouse_Living_FH37504,6
WP_Farmhouse_Living_FH37505,4
WP_Farmhouse_Living_FH37506,8
WP_Farmhouse_Living_FH37507,3
WP_Farmhouse_Living_FH37508,1
WP_Farmhouse_Living_FH37510,1
WP_Farmhouse_Living_FH37512,5
WP_Farmhouse_Living_FH37513,9
WP_Farmhouse_Living_FH37514,7
WP_Farmhouse_Living_FH37516,2
WP_Farmhouse_Living_FH37517,8
WP_Farmhouse_Living_FH37518,2
WP_Farmhouse_Living_FH37519,8
WP_Farmhouse_Living_FH37520,8
WP_Farmhouse_Living_FH37521,4
WP_Farmhouse_Living_FH37522,2
WP_Farmhouse_Living_FH37523,4
WP_Farmhouse_Living_FH37524,8
WP_Farmhouse_Living_FH37525,8
WP_Farmhouse_Living_FH37526,2
WP_Farmhouse_Living_FH37527,4
WP_Farmhouse_Living_FH37528,6
WP_Farmhouse_Living_FH37529,3
WP_Farmhouse_Living_FH37530,33
WP_Farmhouse_Living_FH37531,5
WP_Farmhouse_Living_FH37532,0
WP_Farmhouse_Living_FH37533,12
WP_Farmhouse_Living_FH37534,9
WP_Farmhouse_Living_FH37535,9
WP_Farmhouse_Living_FH37536,7
WP_Farmhouse_Living_FH37537,1
WP_Farmhouse_Living_FH37538,0
WP_Farmhouse_Living_FH37539,1
WP_Farmhouse_Living_FH37540,0
WP_Farmhouse_Living_FH37541,0
WP_Farmhouse_Living_FH37542,4
WP_Farmhouse_Living_FH37543,0
WP_Farmhouse_Living_FH37544,8
WP_Farmhouse_Living_FH37545,9
WP_Farmhouse_Living_FH37546,6
WP_Farmhouse_Living_FH37547,3
WP_Farmhouse_Living_FH37548,3
WP_Farmhouse_Living_FH37549,1
WP_Farmhouse_Living_FH37550,1
WP_Farmhouse_Living_FH37551,3
WP_Farmhouse_Living_FH37552,2
WP_Farmhouse_Living_FH37553,4
WP_Farmhouse_Living_FH37554,6
WP_Farmhouse_Living_FH37555,6
WP_Farmhouse_Living_FH37556,2
WP_Farmhouse_Living_FH37557,1
WP_Farmhouse_Living_FH37558,0
WP_Farmhouse_Living_FH37559,2
WP_Farmhouse_Living_FH37560,4
WP_Farmhouse_Living_FH37561,6
WP_FashionForWalls2_02579-05,8
WP_FashionForWalls2_02579-14,8
WP_FashionForWalls2_02579-18,30
WP_FashionForWalls2_02579-20,4
WP_FashionForWalls2_02579-40,70
WP_FashionForWalls2_10004-01,45
WP_FashionForWalls2_10004-02,67
WP_FashionForWalls2_10004-05,7
WP_FashionForWalls2_10004-07,17
WP_FashionForWalls2_10004-08,11
WP_FashionForWalls2_10004-10,136
WP_FashionForWalls2_10004-14,34
WP_FashionForWalls2_10004-15,71
WP_FashionForWalls2_10004-18,6
WP_FashionForWalls2_10004-25,46
WP_FashionForWalls2_10004-26,35
WP_FashionForWalls2_10004-30,32
WP_FashionForWalls2_10004-31,54
WP_FashionForWalls2_10004-37,40
WP_FashionForWalls2_10004-39,20
WP_FashionForWalls2_10004-44,35
WP_FashionForWalls2_10006-11,13
WP_FashionForWalls2_10006-14,21
WP_FashionForWalls2_10006-15,41
WP_FashionForWalls2_10006-18,7
WP_FashionForWalls2_10006-31,6
WP_FashionForWalls2_10045-10,6
WP_FashionForWalls2_10045-15,17
WP_FashionForWalls2_10045-26,10
WP_FashionForWalls2_10046-08,76
WP_FashionForWalls2_10046-10,37
WP_FashionForWalls2_10046-26,8
WP_FashionForWalls2_10046-30,15
WP_FashionForWalls2_10047-05,5
WP_FashionForWalls2_10047-18,36
WP_FashionForWalls2_10047-31,14
WP_FashionForWalls2_10048-05,13
WP_FashionForWalls2_10048-14,12
WP_FashionForWalls2_10048-18,21
WP_FashionForWalls2_10048-31,30
WP_FashionForWalls2_10048-37,31
WP_FashionForWalls2_10049-26,10
WP_FashionForWalls2_10049-30,10
WP_FashionForWalls2_10049-37,32
WP_FashionForWalls2_10051-05,15
WP_FashionForWalls2_10051-14,13
WP_FashionForWalls2_10051-31,34
WP_FashionForWalls2_10145-08,37
WP_FashionForWalls2_10145-10,33
WP_FashionForWalls2_10145-30,13
WP_FashionForWalls2_10145-31,28
WP_FashionForWalls2_10146-02,14
WP_FashionForWalls2_10146-15,19
WP_FashionForWalls2_10146-29,23
WP_FashionForWalls2_10146-43,30
WP_FashionForWalls2_10148-14,36
WP_FashionForWalls2_10148-18,12
WP_FashionForWalls2_10148-31,56
WP_FashionForWalls2_10148-44,58
WP_Fashion_For_Walls_3_1000402,67
WP_Fashion_For_Walls_3_1000410,136
WP_Fashion_For_Walls_3_1000414,34
WP_Fashion_For_Walls_3_1000415,71
WP_Fashion_For_Walls_3_1000419,14
WP_Fashion_For_Walls_3_1000425,46
WP_Fashion_For_Walls_3_1000426,35
WP_Fashion_For_Walls_3_1000430,32
WP_Fashion_For_Walls_3_1000431,54
WP_Fashion_For_Walls_3_1000437,40
WP_Fashion_For_Walls_3_1000438,1
WP_Fashion_For_Walls_3_1000447,38
WP_Fashion_For_Walls_3_1002801,19
WP_Fashion_For_Walls_3_1002802,3
WP_Fashion_For_Walls_3_1002810,40
WP_Fashion_For_Walls_3_1002814,3
WP_Fashion_For_Walls_3_1002815,15
WP_Fashion_For_Walls_3_1002819,11
WP_Fashion_For_Walls_3_1002829,17
WP_Fashion_For_Walls_3_1002830,0
WP_Fashion_For_Walls_3_1002831,13
WP_Fashion_For_Walls_3_1002838,21
WP_Fashion_For_Walls_3_1002845,17
WP_Fashion_For_Walls_3_1021610,18
WP_Fashion_For_Walls_3_1021615,3
WP_Fashion_For_Walls_3_1021619,10
WP_Fashion_For_Walls_3_1021631,12
WP_Fashion_For_Walls_3_1021645,42
WP_Fashion_For_Walls_3_1021810,9
WP_Fashion_For_Walls_3_1021815,6
WP_Fashion_For_Walls_3_1021819,18
WP_Fashion_For_Walls_3_1021831,22
WP_Fashion_For_Walls_3_1021837,18
WP_Fashion_For_Walls_3_1021901,15
WP_Fashion_For_Walls_3_1021919,20
WP_Fashion_For_Walls_3_1021920,2
WP_Fashion_For_Walls_3_1021929,14
WP_Fashion_For_Walls_3_1021931,14
WP_Fashion_For_Walls_3_1021938,4
WP_Fashion_For_Walls_3_1022014,21
WP_Fashion_For_Walls_3_1022015,25
WP_Fashion_For_Walls_3_1022030,4
WP_Fashion_For_Walls_3_1022031,8
WP_Fashion_For_Walls_3_1022115,8
WP_Fashion_For_Walls_3_1022119,9
WP_Fashion_For_Walls_3_1022131,10
WP_Fashion_For_Walls_3_1022137,4
WP_Fashion_For_Walls_3_1022214,14
WP_Fashion_For_Walls_3_1022215,18
WP_Fashion_For_Walls_3_1022220,9
WP_Fashion_For_Walls_3_1022231,18
WP_Fashion_For_Walls_3_1022243,21
WP_GRACE_GR322101,6
WP_GRACE_GR322102,0
WP_GRACE_GR322103,0
WP_GRACE_GR322104,6
WP_GRACE_GR322105,4
WP_GRACE_GR322106,8
WP_GRACE_GR322107,11
WP_GRACE_GR322108,0
WP_GRACE_GR322109,1
WP_GRACE_GR322201,4
WP_GRACE_GR322202,5
WP_GRACE_GR322203,5
WP_GRACE_GR322205,7
WP_GRACE_GR322206,9
WP_GRACE_GR322301,18
WP_GRACE_GR322302,18
WP_GRACE_GR322303,30
WP_GRACE_GR322304,23
WP_GRACE_GR322305,15
WP_GRACE_GR322306,22
WP_GRACE_GR322307,24
WP_GRACE_GR322308,11
WP_GRACE_GR322309,36
WP_GRACE_GR322401,6
WP_GRACE_GR322402,12
WP_GRACE_GR322403,12
WP_GRACE_GR322404,23
WP_GRACE_GR322405,12
WP_GRACE_GR322406,16
WP_GRACE_GR322407,6
WP_GRACE_GR322408,4
WP_GRACE_GR322501,7
WP_GRACE_GR322502,2
WP_GRACE_GR322503,12
WP_GRACE_GR322504,5
WP_GRACE_GR322505,3
WP_GRACE_GR322506,11
WP_GRACE_GR322507,6
WP_GRACE_GR322508,6
WP_GRACE_GR322509,10
WP_GRACE_GR322601,8
WP_GRACE_GR322602,4
WP_GRACE_GR322603,12
WP_GRACE_GR322605,10
WP_GRACE_GR322606,7
WP_GRACE_GR322607,6
WP_GRACE_GR322608,2
WP_GRACE_GR322702,5
WP_GRACE_GR322703,16
WP_GRACE_GR322704,2
WP_GRACE_GR322705,26
WP_GRACE_GR322706,24
WP_GRACE_GR322707,2
WP_GRACE_GR322708,17
WP_Geometrix_GX37600,2
WP_Geometrix_GX37601,14
WP_Geometrix_GX37602,2
WP_Geometrix_GX37603,1
WP_Geometrix_GX37604,4
WP_Geometrix_GX37606,1
WP_Geometrix_GX37608,6
WP_Geometrix_GX37609,1
WP_Geometrix_GX37610,1
WP_Geometrix_GX37611,5
WP_Geometrix_GX37612,10
WP_Geometrix_GX37613,1
WP_Geometrix_GX37614,1
WP_Geometrix_GX37617,9
WP_Geometrix_GX37618,4
WP_Geometrix_GX37619,6
WP_Geometrix_GX37620,4
WP_Geometrix_GX37621,1
WP_Geometrix_GX37622,5
WP_Geometrix_GX37623,9
WP_Geometrix_GX37624,1
WP_Geometrix_GX37625,1
WP_Geometrix_GX37626,3
WP_Geometrix_GX37627,4
WP_Geometrix_GX37628,5
WP_Geometrix_GX37629,5
WP_Geometrix_GX37630,3
WP_Geometrix_GX37631,3
WP_Geometrix_GX37632,5
WP_Geometrix_GX37633,5
WP_Geometrix_GX37634,3
WP_Geometrix_GX37635,3
WP_Geometrix_GX37636,4
WP_Geometrix_GX37637,7
WP_Geometrix_GX37638,0
WP_Geometrix_GX37639,0
WP_Geometrix_GX37640,5
WP_Geometrix_GX37641,8
WP_Geometrix_GX37642,5
WP_Geometrix_GX37643,3
WP_Geometrix_GX37644,5
WP_Geometrix_GX37645,6
WP_Geometrix_GX37646,4
WP_Geometrix_GX37647,10
WP_Geometrix_GX37648,8
WP_Geometrix_GX37649,8
WP_Geometrix_GX37650,5
WP_Geometrix_GX37653,3
WP_Geometrix_GX37654,4
WP_Geometrix_GX37657,2
WP_Geometrix_GX37659,2
WP_Geometrix_GX37660,0
WP_Geometrix_GX37661,8
WP_Geometrix_SL27513,7
WP_Geometrix_SL27517,12
WP_Kitchen_Elements_CN24624,5
WP_Kitchen_Elements_KB25578,3
WP_Kitchen_Elements_KE29920,1
WP_Kitchen_Elements_KE29936,7
WP_Kitchen_Elements_KE29941,3
WP_Kitchen_Elements_KE29942,3
WP_Kitchen_Elements_KK79366,4
WP_Kreativa_64753,22
WP_Kreativa_64754,12
WP_Kreativa_64755,41
WP_Kreativa_64756,23
WP_Kreativa_64758,8
WP_Kreativa_64761,4
WP_Kreativa_64763,24
WP_Kreativa_64764,19
WP_Kreativa_64770,18
WP_Kreativa_64771,12
WP_Kreativa_64772,10
WP_Kreativa_64773,1
WP_Kreativa_64774,6
WP_Kreativa_64775,29
WP_Kreativa_64776,17
WP_Kreativa_64777,30
WP_Kreativa_64778,1
WP_Kreativa_64779,21
WP_Kreativa_64780,0
WP_Kreativa_64782,14
WP_Kreativa_64784,41
WP_Kreativa_64785,10
WP_Kreativa_64786,31
WP_Kreativa_64787,22
WP_Kreativa_64788,12
WP_Kreativa_64789,3
WP_Kreativa_64790,8
WP_Kreativa_64791,14
WP_Kreativa_64792,16
WP_Kreativa_64793,20
WP_Kreativa_64794,15
WP_Kreativa_64795,23
WP_Kreativa_64796,24
WP_Kreativa_64797,10
WP_Kreativa_64798,2
WP_Kreativa_64799,1
WP_Kreativa_64801,6
WP_Kreativa_64874,6
WP_Kreativa_64875,16
WP_Kreativa_64877,10
WP_Kreativa_64879,14
WP_Kreativa_64880,6
WP_Kreativa_64881,2
WP_Kreativa_64882,26
WP_Kreativa_64883,14
WP_Kreativa_64884,7
WP_Kreativa_64885,8
WP_Kreativa_64886,12
WP_Kreativa_64887,4
WP_Kreativa_64888,8
WP_Kreativa_64889,1
WP_Kreativa_64892,31
WP_Kreativa_64893,7
WP_Kreativa_64894,15
WP_Linea_30401,15
WP_Linea_30403,23
WP_Linea_30413,21
WP_Linea_30415,12
WP_Linea_30416,32
WP_Linea_30419,38
WP_Linea_30435,17
WP_Linea_30439,21
WP_Linea_30444,16
WP_Linea_30449,10
WP_Linea_30457,13
WP_Linea_30463,18
WP_Linea_30801,13
WP_Linea_30809,10
WP_Linea_30810,7
WP_Linea_30814,17
WP_Linea_30818,18
WP_Linea_30819,21
WP_Linea_30822,24
WP_Linea_30827,15
WP_Linea_30832,19
WP_Linea_30833,17
WP_Linea_30834,24
WP_Linea_30838,10
WP_Linea_30839,6
WP_Linea_30844,11
WP_Linea_58414,37
WP_Linea_58415,23
WP_Linea_58416,28
WP_Linea_81835,15
WP_Linea_81837,25
WP_Linea_81840,10
WP_Linea_81843,13
WP_Linea_81847,16
WP_Linea_81851,17
WP_Linea_81861,9
WP_Linea_81862,14
WP_Linea_81863,9
WP_Linea_81878,37
WP_Linea_81881,20
WP_Linea_81882,59
WP_Linea_81898,1
WP_Linea_81927,22
WP_Linea_81928,28
WP_Linea_81931,13
WP_Linea_81932,23
WP_Linea_81937,27
WP_Linea_81941,38
WP_Linea_81966,12
WP_Linea_81988,28
WP_Linea_81989,6
WP_Linea_82015,8
WP_Linea_82017,8
WP_Linea_82018,15
WP_Linea_82022,16
WP_Linea_82023,18
WP_Linea_82026,6
WP_Linea_82047,10
WP_Linea_82048,26
WP_Linea_82049,16
WP_Linea_82050,26
WP_Linea_82051,17
WP_Linea_82052,26
WP_Linea_82074,15
WP_Linea_82075,15
WP_Linea_82076,12
WP_Linea_82083,19
WP_Linea_82084,5
WP_Linea_82086,4
WP_Linea_82091,5
WP_Linea_82092,17
WP_MEISTERVLIES5_103512,21
WP_MEISTERVLIES5_103611,14
WP_MEISTERVLIES5_103819,13
WP_MEISTERVLIES5_103918,23
WP_MEISTERVLIES5_104113,38
WP_MEISTERVLIES5_104519,13
WP_MEISTERVLIES5_141019,28
WP_MEISTERVLIES5_141118,12
WP_MEISTERVLIES5_141217,38
WP_MEISTERVLIES5_141415,11
WP_MEISTERVLIES5_141514,6
WP_MEISTERVLIES5_164919,17
WP_MEISTERVLIES5_167415,4
WP_MEISTERVLIES5_167514,11
WP_MEISTERVLIES5_167613,9
WP_MEISTERVLIES5_168214,8
WP_MEISTERVLIES5_168917,7
WP_MEISTERVLIES5_169112,18
WP_MEISTERVLIES5_182418,48
WP_MEISTERVLIES5_182616,26
WP_MEISTERVLIES5_200013,35
WP_MEISTERVLIES5_242617,5
WP_MEISTERVLIES5_243515,19
WP_MEISTERVLIES5_243713,22
WP_MEISTERVLIES5_244918,34
WP_MEISTERVLIES5_245816,10
WP_MEISTERVLIES5_247018,38
WP_MEISTERVLIES5_247216,21
WP_MEISTERVLIES5_247513,16
WP_MEISTERVLIES5_248718,16
WP_MEISTERVLIES5_250513,16
WP_MEISTERVLIES5_251213,19
WP_MEISTERVLIES5_260413,35
WP_MEISTERVLIES5_262516,11
WP_MEISTERVLIES5_265616,12
WP_MEISTERVLIES5_305817,19
WP_MEISTERVLIES5_306418,27
WP_MEISTERVLIES5_306616,31
WP_MEISTERVLIES5_307271,4
WP_MEISTERVLIES5_307514,24
WP_MEISTERVLIES5_316011,8
WP_MEISTERVLIES5_320011,12
WP_MEISTERVLIES5_320021,6
WP_MEISTERVLIES5_320041,6
WP_MEISTERVLIES5_320061,20
WP_MEISTERVLIES5_320081,7
WP_MEISTERVLIES5_321015,9
WP_MEISTERVLIES5_321213,2
WP_MEISTERVLIES5_321301,40
WP_MEISTERVLIES5_323613,9
WP_MEISTERVLIES5_350651,3
WP_MEISTERVLIES5_350671,11
WP_MEISTERVLIES5_354281,19
WP_MEISTERVLIES5_354501,14
WP_MEISTERVLIES5_354521,12
WP_MEISTERVLIES5_354541,12
WP_MEISTERVLIES5_354561,4
WP_MEISTERVLIES5_354581,14
WP_MEISTERVLIES5_354701,5
WP_MEISTERVLIES5_354761,3
WP_MEISTERVLIES5_354781,11
WP_MEISTERVLIES5_354815,5
WP_MEISTERVLIES5_355218,8
WP_MEISTERVLIES5_355416,12
WP_MEISTERVLIES5_355601,7
WP_MEISTERVLIES5_355621,2
WP_MEISTERVLIES5_357731,10
WP_MEISTERVLIES5_357823,4
WP_MEISTERVLIES5_519313,5
WP_MEISTERVLIES5_521019,6
WP_MEISTERVLIES5_528117,12
WP_MEISTERVLIES5_562715,19
WP_MEISTERVLIES5_563019,10
WP_MEISTERVLIES5_569813,16
WP_MEISTERVLIES5_570215,23
WP_MEISTERVLIES5_570314,17
WP_MEISTERVLIES5_571014,38
WP_MEISTERVLIES5_574619,18
WP_MEISTERVLIES5_583871,15
WP_MEISTERVLIES5_643117,17
WP_MEISTERVLIES5_644916,15
WP_MEISTERVLIES5_927514,7
WP_MEISTERVLIES5_928818,16
WP_MEISTERVLIES5_929518,6
WP_MEISTERVLIES5_934651,42
WP_MEISTERVLIES5_934801,12
WP_MEISTERVLIES5_934821,1
WP_MEISTERVLIES5_935271,6
WP_MEISTERVLIES5_949318,18
WP_MEISTERVLIES5_950918,6
WP_MEISTERVLIES5_951113,24
WP_MEISTERVLIES5_951311,8
WP_MEISTERVLIES5_951351,13
WP_MEISTERVLIES5_951371,11
WP_MEISTERVLIES5_951611,12
WP_MEISTERVLIES5_951661,4
WP_MEISTERVLIES5_951691,4
WP_MEISTERVLIES5_951711,14
WP_MEISTERVLIES5_952417,6
WP_MEISTERVLIES5_952491,5
WP_MEISTERVLIES5_952981,7
WP_MEISTERVLIES5_953081,3
WP_MEISTERVLIES5_953101,11
WP_MEISTERVLIES5_953131,5
WP_MEISTERVLIES5_953216,10
WP_MEISTERVLIES5_953291,16
WP_MEISTERVLIES5_953414,11
WP_MEISTERVLIES5_953451,12
WP_MEISTERVLIES5_956613,18
WP_MEISTERVLIES5_956791,7
WP_MEISTERVLIES5_956821,22
WP_MEISTERVLIES5_956851,11
WP_MEISTERVLIES5_961013,9
WP_MEISTERVLIES5_961518,12
WP_MEISTERVLIES5_961815,5
WP_MEISTERVLIES5_962416,1
WP_MEISTERVLIES5_963413,5
WP_MEISTERVLIES5_965615,15
WP_MEISTERVLIES5_965813,16
WP_MEISTERVLIES5_966018,10
WP_MEISTERVLIES5_966919,8
WP_MEISTERVLIES_4_144010,1
WP_MEISTERVLIES_4_244512,21
WP_MEISTERVLIES_4_248114,27
WP_MEISTERVLIES_4_306913,14
WP_MEISTERVLIES_4_307118,22
WP_MEISTERVLIES_4_311016,12
WP_MEISTERVLIES_4_519719,2
WP_MEISTERVLIES_4_527714,13
WP_MEISTERVLIES_4_934651,42
WP_MEISTERVLIES_4_956831,7
WP_MEISTERVLIES_4_958051,16
WP_MEISTERVLIES_4_962010,10
WP_METROSTORIES3_388161,10
WP_METROSTORIES3_388162,10
WP_METROSTORIES3_388163,6
WP_METROSTORIES3_388281,48
WP_METROSTORIES3_388282,13
WP_METROSTORIES3_388283,11
WP_METROSTORIES3_388284,11
WP_METROSTORIES3_388285,10
WP_METROSTORIES3_391041,12
WP_METROSTORIES3_391042,1
WP_METROSTORIES3_391051,2
WP_METROSTORIES3_391052,6
WP_METROSTORIES3_391053,9
WP_METROSTORIES3_391054,9
WP_METROSTORIES3_391055,3
WP_METROSTORIES3_391101,8
WP_METROSTORIES3_391102,12
WP_METROSTORIES3_391103,31
WP_METROSTORIES3_391104,18
WP_METROSTORIES3_391104_SAMPLE,0
WP_METROSTORIES3_391121,7
WP_METROSTORIES3_391122,8
WP_METROSTORIES3_391123,3
WP_METROSTORIES3_391124,3
WP_METROSTORIES3_391125,1
WP_METROSTORIES3_391172,0
WP_METROSTORIES3_391181,1
WP_METROSTORIES3_391182,12
WP_METROSTORIES3_391183,14
WP_METROSTORIES3_391184,6
WP_METROSTORIES3_391193,6
WP_METROSTORIES3_391194,7
WP_METROSTORIES3_391195,9
WP_METROSTORIES3_391202,9
WP_METROSTORIES3_391204,6
WP_METROSTORIES3_391282,1
WP_METROSTORIES3_391294,0
WP_METROSTORIES3_391771,12
WP_METROSTORIES3_391772,17
WP_METROSTORIES3_391773,1
WP_METROSTORIES3_391774,6
WP_METROSTORIES3_391775,23
WP_METROSTORIES3_392161,12
WP_METROSTORIES3_392165,9
WP_METROSTORIES3_392172,12
WP_METROSTORIES3_392183,0
WP_METROSTORIES3_392185,4
WP_METROSTORIES3_392222,5
WP_METROSTORIES3_392223,1
WP_METROSTORIES3_392224,1
WP_METROSTORIES3_392236,6
WP_METROSTORIES3_392237,6
WP_METROSTORIES3_392666,3
WP_METROSTORIES3_392668,3
WP_METROSTORIES3_392669,9
WP_METROSTORIES3_392671,2
WP_METRO_STORIES_368962,31
WP_METRO_STORIES_368971,13
WP_METRO_STORIES_368972,76
WP_METRO_STORIES_368973,12
WP_METRO_STORIES_368974,14
WP_METRO_STORIES_368981,25
WP_METRO_STORIES_368982,46
WP_METRO_STORIES_368983,8
WP_METRO_STORIES_368984,29
WP_METRO_STORIES_368985,19
WP_METRO_STORIES_369121,34
WP_METRO_STORIES_369122,27
WP_METRO_STORIES_369123,8
WP_METRO_STORIES_369124,16
WP_METRO_STORIES_369131,22
WP_METRO_STORIES_369132,45
WP_METRO_STORIES_369133,18
WP_METRO_STORIES_369134,8
WP_METRO_STORIES_369181,17
WP_METRO_STORIES_369182,12
WP_METRO_STORIES_369183,13
WP_METRO_STORIES_369191,25
WP_METRO_STORIES_369192,17
WP_METRO_STORIES_369193,20
WP_METRO_STORIES_369194,18
WP_METRO_STORIES_369195,11
WP_METRO_STORIES_369201,9
WP_METRO_STORIES_369202,13
WP_METRO_STORIES_369203,25
WP_METRO_STORIES_369204,10
WP_METRO_STORIES_369211,14
WP_METRO_STORIES_369212,46
WP_METRO_STORIES_369213,23
WP_METRO_STORIES_369214,63
WP_METRO_STORIES_369221,5
WP_METRO_STORIES_369222,12
WP_METRO_STORIES_369223,18
WP_METRO_STORIES_369224,1
WP_METRO_STORIES_369225,12
WP_METRO_STORIES_369226,52
WP_METRO_STORIES_369231,16
WP_METRO_STORIES_369232,18
WP_METRO_STORIES_369233,9
WP_METRO_STORIES_369241,27
WP_METRO_STORIES_369242,26
WP_METRO_STORIES_369243,50
WP_METRO_STORIES_369244,25
WP_METRO_STORIES_369251,12
WP_METRO_STORIES_369252,12
WP_METRO_STORIES_369253,0
WP_METRO_STORIES_369254,2
WP_METRO_STORIES_369255,34
WP_METRO_STORIES_369256,31
WP_METRO_STORIES_369257,10
WP_METRO_STORIES_369258,7
WP_METRO_STORIES_369259,0
WP_METRO_STORIES_369261,30
WP_METRO_STORIES_369262,21
WP_METRO_STORIES_369263,3
WP_METRO_STORIES_369264,18
WP_METRO_STORIES_369265,15
WP_METRO_STORIES_369271,33
WP_METRO_STORIES_369272,5
WP_METRO_STORIES_369273,12
WP_METRO_STORIES_369274,18
WP_METRO_STORIES_369275,28
WP_METRO_STORIES_369281,6
WP_METRO_STORIES_369282,38
WP_METRO_STORIES_369283,39
WP_METRO_STORIES_369284,27
WP_METRO_STORIES_369285,26
WP_METRO_STORIES_369294,14
WP_Manor_House_CH22508,1
WP_Manor_House_CH22510,1
WP_Manor_House_CH22529,2
WP_Manor_House_CH22531,3
WP_Manor_House_CH22540,10
WP_Manor_House_CH22565,1
WP_Manor_House_CH22566,4
WP_Manor_House_CH22567,0
WP_Manor_House_CH22568,3
WP_Manor_House_CH28245,0
WP_Manor_House_CH28309,7
WP_Manor_House_GC29831,4
WP_Manor_House_GC29834,2
WP_Manor_House_GC29851,10
WP_Manor_House_MD29427,4
WP_Manor_House_MD29430,8
WP_Manor_House_MH36500,4
WP_Manor_House_MH36501,1
WP_Manor_House_MH36502,3
WP_Manor_House_MH36503,12
WP_Manor_House_MH36504,9
WP_Manor_House_MH36505,9
WP_Manor_House_MH36506,7
WP_Manor_House_MH36507,1
WP_Manor_House_MH36508,6
WP_Manor_House_MH36509,5
WP_Manor_House_MH36510,1
WP_Manor_House_MH36511,3
WP_Manor_House_MH36513,4
WP_Manor_House_MH36514,6
WP_Manor_House_MH36515,2
WP_Manor_House_MH36517,1
WP_Manor_House_MH36518,4
WP_Manor_House_MH36519,2
WP_Manor_House_MH36520,1
WP_Manor_House_MH36521,5
WP_Manor_House_MH36523,1
WP_Manor_House_MH36524,4
WP_Manor_House_MH36525,6
WP_Manor_House_MH36526,16
WP_Manor_House_MH36527,4
WP_Manor_House_MH36528,6
WP_Manor_House_MH36529,1
WP_Manor_House_MH36531,4
WP_Manor_House_MH36532,3
WP_Manor_House_MH36533,3
WP_Manor_House_MH36535,2
WP_Manor_House_MH36536,1
WP_Manor_House_MH36537,5
WP_Manor_House_MH36538,1
WP_Manor_House_MH36540,10
WP_Manor_House_NT33705,11
WP_Manor_House_PA34210,6
WP_Manor_House_PA34212,16
WP_Michalsky2_303962,9
WP_Michalsky2_303963,4
WP_Michalsky2_303964,13
WP_Michalsky2_303971,24
WP_Michalsky2_303973,12
WP_Michalsky2_303974,9
WP_Michalsky2_303981,7
WP_Michalsky2_303982,22
WP_Michalsky2_303983,36
WP_Michalsky2_304551,8
WP_Michalsky2_304552,12
WP_Michalsky2_304553,7
WP_Michalsky2_304561,11
WP_Michalsky2_304562,14
WP_Michalsky2_304563,33
WP_Michalsky2_304564,12
WP_Michalsky2_304572,16
WP_Michalsky2_304573,13
WP_Michalsky2_304574,10
WP_Michalsky2_304575,4
WP_Michalsky2_304576,20
WP_Michalsky2_304577,7
WP_Michalsky2_304578,3
WP_Michalsky2_304581,15
WP_Michalsky2_304582,18
WP_Michalsky2_304583,10
WP_Michalsky2_304584,15
WP_Michalsky2_304591,10
WP_Michalsky2_304592,10
WP_Michalsky2_304593,12
WP_Michalsky2_304594,11
WP_Michalsky2_961321,5
WP_Michalsky2_961322,16
WP_Michalsky2_961323,12
WP_Michalsky2_961324,11
WP_Michalsky2_961326,17
WP_Michalsky2_961327,12
WP_Michalsky2_961331,25
WP_Michalsky2_961332,20
WP_Michalsky2_961333,23
WP_Michalsky2_961334,22
WP_NEWWALLS_373911,39
WP_NEWWALLS_373912,28
WP_NEWWALLS_373913,45
WP_NEWWALLS_373914,20
WP_NEWWALLS_373921,6
WP_NEWWALLS_373922,22
WP_NEWWALLS_373923,5
WP_NEWWALLS_373924,12
WP_NEWWALLS_373931,36
WP_NEWWALLS_373932,30
WP_NEWWALLS_373933,8
WP_NEWWALLS_373934,12
WP_NEWWALLS_373941,13
WP_NEWWALLS_373942,19
WP_NEWWALLS_373943,13
WP_NEWWALLS_373945,7
WP_NEWWALLS_373951,12
WP_NEWWALLS_373952,7
WP_NEWWALLS_373953,17
WP_NEWWALLS_373954,16
WP_NEWWALLS_373961,13
WP_NEWWALLS_373962,0
WP_NEWWALLS_373963,6
WP_NEWWALLS_373964,8
WP_NEWWALLS_373965,4
WP_NEWWALLS_373971,12
WP_NEWWALLS_373973,10
WP_NEWWALLS_374061,9
WP_NEWWALLS_374063,21
WP_NEWWALLS_374064,38
WP_NEWWALLS_374191,22
WP_NEWWALLS_374192,28
WP_NEWWALLS_374193,4
WP_NEWWALLS_374201,24
WP_NEWWALLS_374202,20
WP_NEWWALLS_374204,3
WP_NEWWALLS_374211,13
WP_NEWWALLS_374212,21
WP_NEWWALLS_374213,12
WP_NEWWALLS_374215,35
WP_NEWWALLS_374231,8
WP_NEWWALLS_374232,18
WP_NEWWALLS_374234,19
WP_NEWWALLS_374241,10
WP_NEWWALLS_374242,14
WP_NEWWALLS_374243,10
WP_NEWWALLS_374244,5
WP_NEWWALLS_374245,2
WP_NEWWALLS_374246,36
WP_NEWWALLS_374251,30
WP_NEWWALLS_374252,27
WP_NEWWALLS_374253,14
WP_NEWWALLS_374255,16
WP_NEWWALLS_374256,32
WP_NaturalFaux2_NF232011,59
WP_NaturalFaux2_NF232012,58
WP_NaturalFaux2_NF232013,48
WP_NaturalFaux2_NF232021,92
WP_NaturalFaux2_NF232022,66
WP_NaturalFaux2_NF232023,79
WP_NaturalFaux2_NF232024,20
WP_NaturalFaux2_NF232031,82
WP_NaturalFaux2_NF232032,13
WP_NaturalFaux2_NF232033,58
WP_NaturalFaux2_NF232034,95
WP_NaturalFaux2_NF232035,74
WP_NaturalFaux2_NF232041,19
WP_NaturalFaux2_NF232042,24
WP_NaturalFaux2_NF232043,12
WP_NaturalFaux2_NF232044,24
WP_NaturalFaux2_NF232045,30
WP_NaturalFaux2_NF232046,10
WP_NaturalFaux2_NF232051,19
WP_NaturalFaux2_NF232052,21
WP_NaturalFaux2_NF232054,1
WP_NaturalFaux2_NF232055,14
WP_NaturalFaux2_NF232061,44
WP_NaturalFaux2_NF232062,53
WP_NaturalFaux2_NF232063,48
WP_NaturalFaux2_NF232064,24
WP_NaturalFaux2_NF232065,95
WP_NaturalFaux2_NF232071,66
WP_NaturalFaux2_NF232072,56
WP_NaturalFaux2_NF232073,25
WP_NaturalFaux2_NF232074,50
WP_NaturalFaux2_NF232081,145
WP_NaturalFaux2_NF232082,36
WP_NaturalFaux2_NF232083,42
WP_NaturalFaux2_NF232084,64
WP_NaturalFaux2_NF232085,50
WP_NaturalFaux2_NF232086,41
WP_NaturalFaux2_NF232087,25
WP_NaturalFaux2_NF232091,8
WP_NaturalFaux2_NF232092,28
WP_NaturalFaux2_NF232094,37
WP_NaturalFaux2_NF232101,0
WP_NaturalFaux2_NF232102,12
WP_NaturalFaux2_NF232103,13
WP_NaturalFaux2_NF232104,12
WP_NaturalFaux2_NF232105,11
WP_NaturalFaux2_NF232111,29
WP_NaturalFaux2_NF232112,24
WP_NaturalFaux2_NF232113,3
WP_NaturalFaux2_NF232114,26
WP_NaturalFaux2_NF232115,49
WP_NaturalFaux2_NF232121,56
WP_NaturalFaux2_NF232122,70
WP_NaturalFaux2_NF232123,40
WP_NaturalFaux2_NF232124,44
WP_NaturalFaux2_NF232131,36
WP_NaturalFaux2_NF232132,5
WP_NaturalFaux2_NF232133,3
WP_NaturalFaux2_NF232134,17
WP_NaturalFaux2_NF232135,8
WP_NewStudio_373881,25
WP_NewStudio_373882,11
WP_NewStudio_373883,15
WP_NewStudio_373891,24
WP_NewStudio_373892,13
WP_NewStudio_373895,28
WP_NewStudio_373896,10
WP_NewStudio_373897,11
WP_NewStudio_373898,24
WP_NewStudio_373981,12
WP_NewStudio_373982,17
WP_NewStudio_373983,0
WP_NewStudio_373984,11
WP_NewStudio_374021,10
WP_NewStudio_374022,25
WP_NewStudio_374023,6
WP_NewStudio_374024,13
WP_NewStudio_374111,15
WP_NewStudio_374112,4
WP_NewStudio_374113,9
WP_NewStudio_374114,7
WP_NewStudio_374115,23
WP_NewStudio_374131,4
WP_NewStudio_374132,15
WP_NewStudio_374133,7
WP_NewStudio_374134,10
WP_NewStudio_374135,14
WP_NewStudio_374161,18
WP_NewStudio_374162,19
WP_NewStudio_374163,5
WP_NewStudio_374164,17
WP_NewStudio_374165,7
WP_NewStudio_374166,19
WP_NewStudio_374167,17
WP_NewStudio_374168,12
WP_NewStudio_374169,3
WP_NewStudio_374171,2
WP_NewStudio_374172,2
WP_NewStudio_374173,3
WP_NewStudio_374281,9
WP_NewStudio_374282,13
WP_NewStudio_374417,12
WP_NewStudio_374424,10
WP_NewStudio_374448,17
WP_NewStudio_374462,8
WP_Nomade_32002,11
WP_Nomade_32003,5
WP_Nomade_32004,9
WP_Nomade_32005,4
WP_Nomade_32006,12
WP_Nomade_32007,7
WP_Nomade_32008,13
WP_Nomade_32009,6
WP_Nomade_32010,6
WP_Nomade_32011,9
WP_Nomade_32012,12
WP_Nomade_32013,6
WP_Nomade_32014,12
WP_Nomade_32015,14
WP_Nomade_32016,6
WP_Nomade_32017,12
WP_Nomade_32018,6
WP_Nomade_32019,11
WP_Nomade_32020,6
WP_Nomade_32021,6
WP_Nomade_32022,2
WP_Nomade_32023,4
WP_Nomade_32024,26
WP_Nomade_32025,7
WP_Nomade_32026,5
WP_Nomade_32027,12
WP_Nomade_32028,6
WP_Nomade_32029,22
WP_Nomade_32030,24
WP_Nomade_32031,6
WP_Nomade_32032,36
WP_Nomade_32033,6
WP_Nomade_32034,26
WP_Nomade_32035,9
WP_Nomade_32036,23
WP_Nomade_32037,19
WP_Nomade_32038,9
WP_Nomade_32039,8
WP_Nomade_32040,18
WP_Nomade_32041,32
WP_Nomade_32042,55
WP_Nomade_32043,4
WP_Nomade_32044,4
WP_Nomade_32045,11
WP_Nomade_32046,10
WP_Nomade_32047,11
WP_Nomade_32048,3
WP_Nomade_32049,6
WP_Nomade_32050,5
WP_Organic_Textures_G67941,1
WP_Organic_Textures_G67942,6
WP_Organic_Textures_G67944,2
WP_Organic_Textures_G67945,5
WP_Organic_Textures_G67946,6
WP_Organic_Textures_G67948,4
WP_Organic_Textures_G67949,6
WP_Organic_Textures_G67950,2
WP_Organic_Textures_G67951,6
WP_Organic_Textures_G67952,6
WP_Organic_Textures_G67953,6
WP_Organic_Textures_G67954,6
WP_Organic_Textures_G67955,6
WP_Organic_Textures_G67956,4
WP_Organic_Textures_G67960,6
WP_Organic_Textures_G67961,4
WP_Organic_Textures_G67962,3
WP_Organic_Textures_G67964,6
WP_Organic_Textures_G67965,2
WP_Organic_Textures_G67966,5
WP_Organic_Textures_G67967,3
WP_Organic_Textures_G67968,6
WP_Organic_Textures_G67969,2
WP_Organic_Textures_G67970,1
WP_Organic_Textures_G67971,5
WP_Organic_Textures_G67973,3
WP_Organic_Textures_G67974,4
WP_Organic_Textures_G67975,2
WP_Organic_Textures_G67976,2
WP_Organic_Textures_G67977,6
WP_Organic_Textures_G67978,3
WP_Organic_Textures_G67980,3
WP_Organic_Textures_G67981,4
WP_Organic_Textures_G67982,4
WP_Organic_Textures_G67983,6
WP_Organic_Textures_G67984,6
WP_Organic_Textures_G67985,4
WP_Organic_Textures_G67986,6
WP_Organic_Textures_G67987,4
WP_Organic_Textures_G67988,5
WP_Organic_Textures_G67989,16
WP_Organic_Textures_G67990,1
WP_Organic_Textures_G67991,5
WP_Organic_Textures_G67992,5
WP_Organic_Textures_G67993,6
WP_Organic_Textures_G67994,6
WP_Organic_Textures_G67995,2
WP_Organic_Textures_G67996,7
WP_Organic_Textures_G67997,1
WP_Organic_Textures_G67999,3
WP_Organic_Textures_G68001,11
